SALE TYPE,SOLD DATE,PROPERTY TYPE,ADDRESS,CITY,STATE,ZIP,PRICE,BEDS,BATHS,LOCATION,SQUARE FEET,LOT SIZE,YEAR BUILT,DAYS ON MARKET,$/SQUARE FEET,HOA/MONTH,STATUS,NEXT OPEN HOUSE START TIME,NEXT OPEN HOUSE END TIME,URL (SEE http://www.redfin.com/buy-a-home/comparative-market-analysis FOR INFO ON PRICING),SOURCE,MLS#,FAVORITE,INTERESTED,LATITUDE,LONGITUDE
PAST SALE,April-18-2018,Single Family Residential,12 Carter St,Newton,MA,02460,835000,3,2.5,Newtonville,1464,6750,1910,188,570,,Sold,,,http://www.redfin.com/MA/Newton/12-Carter-St-02460/home/11419068,MLS PIN,72284627,N,Y,42.351717,-71.19892
PAST SALE,August-22-2018,Single Family Residential,195 Waltham St,Newton,MA,02465,925000,4,2.5,Newton,1900,8220,1928,62,487,,Sold,,,http://www.redfin.com/MA/West-Newton/195-Waltham-St-02465/home/11433449,MLS PIN,72350560,N,Y,42.3601977,-71.2229881
PAST SALE,November-20-2017,Single Family Residential,305 Woodcliff Rd,Newton,MA,02461,920000,3,2.0,Newton,1696,7704,1955,337,542,,Sold,,,http://www.redfin.com/MA/Newton-Highlands/305-Woodcliff-Rd-02461/home/11478340,MLS PIN,72235320,N,Y,42.3127553,-71.2015004
PAST SALE,March-24-2017,Single Family Residential,73 Canterbury Rd,Newton,MA,02461,867000,3,2.5,Newton Highlands,1872,5270,1940,578,463,,Sold,,,http://www.redfin.com/MA/Newton/73-Canterbury-Rd-02461/home/11455328,MLS PIN,72124686,N,Y,42.3198254,-71.2202036
PAST SALE,August-25-2016,Single Family Residential,39 Rowena Rd,Newton,MA,02459,837500,4,2.5,Newton,2252,12864,1955,789,372,,Sold,,,http://www.redfin.com/MA/Newton-Centre/39-Rowena-Rd-02459/home/11461452,MLS PIN,72027576,N,Y,42.3230539,-71.1979616
PAST SALE,June-30-2017,Townhouse,56 Webster St #56,Newton,MA,02465,860000,4,3.5,Newton,2443,3776,1865,480,352,319,Sold,,,http://www.redfin.com/MA/Newton/56-Webster-St-02465/unit-56/home/77492250,MLS PIN,72170372,N,Y,42.3500012,-71.2288039
PAST SALE,August-2-2018,Single Family Residential,50 Elmore St,Newton,MA,02459,965000,4,2.0,Newton,2389,7733,1900,82,404,,Sold,,,http://www.redfin.com/MA/Newton-Centre/50-Elmore-St-02459/home/11413549,MLS PIN,72320522,N,Y,42.3387019,-71.1954205
PAST SALE,September-29-2017,Single Family Residential,69 Lakeview Ave,Newton,MA,02460,960000,3,2.0,Bulloughs Pond,2084,10130,1955,389,461,,Sold,,,http://www.redfin.com/MA/Newtonville/69-Lakeview-Ave-02460/home/11424013,MLS PIN,72196762,N,Y,42.3385001,-71.2095759
PAST SALE,,Townhouse,67 Prospect St,Newton,MA,02465,815000,3,2.5,,1968,29000,1984,,414,,,,,http://www.redfin.com/MA/Newton/67-Prospect-St-02465/home/11494540,,,N,Y,42.3449235,-71.233404
PAST SALE,June-30-2017,Single Family Residential,65 Grove St,Newton,MA,02466,950000,3,2.0,Auburndale,1953,18365,1930,480,486,,Sold,,,http://www.redfin.com/MA/Auburndale/65-Grove-St-02466/home/11440359,MLS PIN,72142348,N,Y,42.344328,-71.2478321
PAST SALE,September-13-2017,Townhouse,67 Prospect St #67,Newton,MA,02465,815000,3,2.5,Newton,2260,,1984,405,361,250,Sold,,,http://www.redfin.com/MA/Newton/67-Prospect-St-02465/unit-67/home/114024613,MLS PIN,72171081,N,Y,42.3449235,-71.233404
PAST SALE,December-13-2017,Single Family Residential,161 PARMENTER Rd,Newton,MA,02465,685000,3,2.0,West Newton,1650,8931,1925,314,415,,Sold,,,http://www.redfin.com/MA/West-Newton/161-Parmenter-Rd-02465/home/11441709,MLS PIN,72223447,N,Y,42.3607321,-71.2318521
PAST SALE,October-13-2017,Single Family Residential,15 Edgewood Rd,Newton,MA,02465,632000,3,2.0,West Newton,1088,8050,1930,375,581,,Sold,,,http://www.redfin.com/MA/West-Newton/15-Edgewood-Rd-02465/home/11442945,MLS PIN,72221108,N,Y,42.3528851,-71.2372817
PAST SALE,October-6-2017,Single Family Residential,50 Albert Rd,Newton,MA,02466,815000,4,2.5,Auburndale,2144,12600,1955,382,380,,Sold,,,http://www.redfin.com/MA/Auburndale/50-Albert-Rd-02466/home/11444361,MLS PIN,72169840,N,Y,42.3556275,-71.2398805
PAST SALE,September-20-2017,Single Family Residential,21 Mosman St,Newton,MA,02465,739000,3,2.0,West Newton,1576,7740,1954,398,469,,Sold,,,http://www.redfin.com/MA/Newton/21-Mosman-St-02465/home/11432717,MLS PIN,72206679,N,Y,42.3615481,-71.2180224
PAST SALE,,Single Family Residential,107 Fordham Rd,Newton,MA,02465,750000,4,2.0,,1571,7226,1937,,477,,,,,http://www.redfin.com/MA/Newton/107-Fordham-Rd-02465/home/11433908,,,N,Y,42.3591765,-71.2262251
PAST SALE,November-28-2017,Single Family Residential,20 Lyme Rd,Newton,MA,02465,902000,3,2.5,West Newton,2400,7802,1979,329,376,,Sold,,,http://www.redfin.com/MA/West-Newton/20-Lyme-Rd-02465/home/11433394,MLS PIN,72231943,N,Y,42.3596035,-71.2229881
PAST SALE,December-23-2015,Single Family Residential,17 Hemlock Rd,Newton,MA,02464,725000,4,2.5,Newton Upper Falls,2195,7200,1940,1035,330,,Sold,,,http://www.redfin.com/MA/Newton-Upper-Falls/17-Hemlock-Rd-02464/home/11445225,MLS PIN,71896048,N,Y,42.3165542,-71.2193219
PAST SALE,June-6-2016,Single Family Residential,66 Margaret Rd,Newton,MA,02461,847000,4,2.0,Newton,1680,7342,1940,869,504,,Sold,,,http://www.redfin.com/MA/Newton-Highlands/66-Margaret-Rd-02461/home/11445885,MLS PIN,71983886,N,Y,42.3162302,-71.2147738
PAST SALE,December-30-2015,Single Family Residential,35 Great Meadow Rd,Newton,MA,02459,850000,3,2.0,Newton,2140,9180,1938,1028,397,,Sold,,,http://www.redfin.com/MA/Newton-Centre/35-Great-Meadow-Rd-02459/home/11480106,MLS PIN,71924303,N,Y,42.3150311,-71.1936569
PAST SALE,,Townhouse,49 Florence St,Chestnut Hill,MA,02467,880000,3,2.5,,2186,10043,1998,,403,,,,,http://www.redfin.com/MA/Chestnut-Hill/49-Florence-St-02467/home/11482440,,,N,Y,42.3180616,-71.1800811
PAST SALE,May-2-2017,Single Family Residential,392 Boylston St #392,Newton,MA,02459,740000,3,3.5,Newton Center,2204,13743,2000,539,336,,Sold,,,http://www.redfin.com/MA/Chestnut-Hill/392-Boylston-St-02467/unit-392/home/77505196,MLS PIN,72117825,N,Y,42.3188065,-71.1846713
PAST SALE,,Townhouse,50 Undine Rd #3,Newton,MA,02458,708000,3,2.5,,2080,69407,1985,,340,,,,,http://www.redfin.com/MA/Newton/50-Undine-Rd-02458/unit-3/home/11497884,,,N,Y,42.3416212,-71.1682205
PAST SALE,August-17-2017,Townhouse,188 E Side Pkwy #188,Newton,MA,02458,820000,3,2.0,Newtonville,1887,9000,1963,432,435,,Sold,,,http://www.redfin.com/MA/Newton/188-E-Side-Pkwy-02458/unit-188/home/105467728,MLS PIN,72149516,N,Y,42.3479971,-71.1972296
PAST SALE,September-25-2017,Single Family Residential,18 Jameson Rd,Newton,MA,02458,926000,4,2.5,Newton Corner,2208,8712,1925,393,419,,Sold,,,http://www.redfin.com/MA/Newton/18-Jameson-Rd-02458/home/11474736,MLS PIN,72196941,N,Y,42.3457315,-71.1857257
PAST SALE,December-21-2017,Single Family Residential,19 Sargent Park,Newton,MA,02458,931250,3,3.0,Newton,1757,9740,1924,306,530,,Sold,,,http://www.redfin.com/MA/Newton/19-Sargent-Park-02458/home/11473501,MLS PIN,72241299,N,Y,42.3470008,-71.18456
PAST SALE,January-31-2018,Single Family Residential,618 Beacon St,Newton,MA,02459,950000,4,2.0,Newton,2010,9200,1928,265,473,,Sold,,,http://www.redfin.com/MA/Newton-Centre/618-Beacon-St-02459/home/11466715,MLS PIN,72266136,N,Y,42.3312964,-71.1854883
PAST SALE,August-14-2017,Townhouse,91 Madison Ave #91,Newton,MA,02460,700000,3,2.0,Newton,1353,6642,1910,435,517,,Sold,,,http://www.redfin.com/MA/Newton/91-Madison-Ave-02460/unit-91/home/77500127,MLS PIN,72172223,N,Y,42.3502072,-71.2057234
PAST SALE,,Single Family Residential,470 Quinobequin Rd,Waban,MA,02468,875000,3,3.5,,2100,10710,1953,,417,,,,,http://www.redfin.com/MA/Waban/470-Quinobequin-Rd-02468/home/11457668,,,N,Y,42.3220219,-71.2362607
PAST SALE,May-1-2017,Single Family Residential,25 Belmore Park,Newton,MA,02462,755000,3,2.5,Newton Lower Falls,1700,10072,1937,540,444,,Sold,,,http://www.redfin.com/MA/Auburndale/25-Belmore-Park-02466/home/11495529,MLS PIN,72128135,N,Y,42.3300899,-71.2512847
PAST SALE,May-31-2016,Single Family Residential,2075 Beacon St,Newton,MA,02468,710000,3,2.0,Waban - Angier School District,2400,11600,1920,875,296,,Sold,,,http://www.redfin.com/MA/Newton/2075-Beacon-St-02462/home/11495525,MLS PIN,71980092,N,Y,42.330094,-71.2479551
PAST SALE,,Townhouse,43 Bennington St,Newton,MA,02458,610000,4,2.5,,1093,6900,1960,,558,,,,,http://www.redfin.com/MA/Newton/43-Bennington-St-02458/home/11493146,,,N,Y,42.3517447,-71.1876557
PAST SALE,,Townhouse,20 Richardson St,Newton,MA,02458,699000,3,2.5,,1946,10687,2000,,359,,,,,http://www.redfin.com/MA/Newton/20-Richardson-St-02458/home/11501332,,,N,Y,42.3550856,-71.1872287
PAST SALE,July-28-2016,Townhouse,34 Emerson St #34,Newton,MA,02458,733000,5,2.5,Newton Corner,1835,3987,1880,817,399,160,Sold,,,http://www.redfin.com/MA/Newton/34-Emerson-St-02458/unit-34/home/19003468,MLS PIN,72023845,N,Y,42.3586155,-71.1882001
PAST SALE,October-26-2015,Townhouse,115 Jewett St #3,Newton,MA,02458,762500,3,2.5,Newton Corner,1747,15300,1860,1093,436,220,Sold,,,http://www.redfin.com/MA/Newton/115-Jewett-St-02458/unit-3/home/79807444,MLS PIN,71837355,N,Y,42.3573589,-71.1914993
PAST SALE,July-20-2016,Townhouse,6 Heathwood Ln #6,Brookline,MA,02467,890000,3,2.5,Brookline,1586,,1984,825,561,294,Sold,,,http://www.redfin.com/MA/Brookline/6-Heathwood-Ln-02467/unit-6/home/137303154,MLS PIN,72014232,N,Y,42.3179961,-71.1736498
PAST SALE,October-18-2016,Single Family Residential,95 Craftsland Rd,Brookline,MA,02467,865000,3,3.0,Chestnut Hill,1841,6730,1940,735,470,,Sold,,,http://www.redfin.com/MA/Chestnut-Hill/95-Craftsland-Rd-02467/home/11498943,MLS PIN,72020771,N,Y,42.3165218,-71.1756602
PAST SALE,May-15-2017,Single Family Residential,83 Craftsland Rd,Brookline,MA,02467,985000,3,2.5,Chestnut Hill,2181,7350,1950,526,452,,Sold,,,http://www.redfin.com/MA/Chestnut-Hill/83-Craftsland-Rd-02467/home/11498952,MLS PIN,72125902,N,Y,42.3167628,-71.1752193
PAST SALE,April-8-2016,Single Family Residential,6 ANTHONY Rd,Newton,MA,02460,889000,4,3.0,Newtonville,2440,10783,1963,928,364,,Sold,,,http://www.redfin.com/MA/Newton/6-Anthony-Rd-02460/home/11416340,MLS PIN,71950364,N,Y,42.3637214,-71.2145185
PAST SALE,April-28-2017,Single Family Residential,19 Fessenden St,Newton,MA,02460,875000,3,3.0,Newtonville,2124,7070,1940,543,412,,Sold,,,http://www.redfin.com/MA/Newton/19-Fessenden-St-02460/home/11417006,MLS PIN,72107622,N,Y,42.3603331,-71.2143561
PAST SALE,August-25-2016,Single Family Residential,321 Crafts St,Newton,MA,02460,1000000,3,3.0,Newton,2417,13210,1925,789,414,,Sold,,,http://www.redfin.com/MA/Newton/321-Crafts-St-02460/home/11421038,MLS PIN,72009958,N,Y,42.3594088,-71.2124069
PAST SALE,January-19-2017,Single Family Residential,24 Maynard St,Newton,MA,02465,675000,3,2.0,West Newton,1582,8680,1953,642,427,,Sold,,,http://www.redfin.com/MA/West-Newton/24-Maynard-St-02465/home/11432825,MLS PIN,72052206,N,Y,42.3607447,-71.2178832
PAST SALE,,Single Family Residential,129 Spiers Rd,Newton,MA,02459,480000,4,1.0,,1394,7032,1946,,344,,,,,http://www.redfin.com/MA/Newton/129-Spiers-Rd-02459/home/11500823,,,N,Y,42.2900549,-71.1838174
PAST SALE,May-13-2016,Single Family Residential,5 TUDOR Ter,Newton,MA,02466,800000,3,3.0,Newton,1908,6726,1983,893,419,,Sold,,,http://www.redfin.com/MA/Auburndale/5-Tudor-Ter-02466/home/11443801,MLS PIN,71965637,N,Y,42.3494963,-71.2429433
PAST SALE,October-12-2016,Single Family Residential,59 Newell Rd,Newton,MA,02466,911500,4,2.5,Auburndale,2164,5390,1896,741,421,,Sold,,,http://www.redfin.com/MA/Auburndale/59-Newell-Rd-02466/home/11444041,MLS PIN,72016444,N,Y,42.3509571,-71.2434537
PAST SALE,December-16-2015,Single Family Residential,2171 Commonwealth Ave,Newton,MA,02466,1000000,4,3.0,Newton,1925,19682,1965,1042,519,,Sold,,,http://www.redfin.com/MA/Auburndale/2171-Commonwealth-Ave-02466/home/11436450,MLS PIN,71873483,N,Y,42.3481807,-71.2512035
PAST SALE,May-10-2017,Single Family Residential,10 Auburn Ter,Newton,MA,02466,866000,4,2.5,Newton,1993,4356,1892,531,435,,Sold,,,http://www.redfin.com/MA/Auburndale/10-Auburn-Ter-02466/home/11439470,MLS PIN,72128308,N,Y,42.3455707,-71.2401589
PAST SALE,November-10-2016,Single Family Residential,18 Camden Rd,Newton,MA,02466,750000,4,2.0,Newton,1900,4303,1902,712,395,,Sold,,,http://www.redfin.com/MA/Auburndale/18-Camden-Rd-02466/home/11443896,MLS PIN,72067484,N,Y,42.3491066,-71.2417367
PAST SALE,November-15-2016,Single Family Residential,4 Rose Dr,Newton,MA,02465,749000,5,2.5,Newton,2470,5233,1948,707,303,,Sold,,,http://www.redfin.com/MA/West-Newton/4-Rose-Dr-02465/home/11494955,MLS PIN,72067440,N,Y,42.3553757,-71.2342188
PAST SALE,March-10-2017,Townhouse,40 Crescent St Unit C,Newton,MA,02465,590000,3,2.0,Newton,1469,,2000,592,402,339,Sold,,,http://www.redfin.com/MA/Auburndale/40-Crescent-St-02466/unit-C/home/77490897,MLS PIN,72107774,N,Y,42.3477355,-71.2371235
PAST SALE,April-13-2017,Townhouse,160 Pine St #26,Newton,MA,02466,610000,3,2.5,Auburndale,1810,,1985,558,337,388,Sold,,,http://www.redfin.com/MA/Auburndale/160-Pine-St-02466/unit-26/home/11442804,MLS PIN,72068310,N,Y,42.3520473,-71.241407
PAST SALE,December-16-2016,Townhouse,25 Faxon St #2,Newton,MA,02458,767500,3,2.5,Newton,1700,2500,2016,676,451,,Sold,,,http://www.redfin.com/MA/Newton/25-Faxon-St-02458/unit-2/home/108970975,MLS PIN,72062760,N,Y,42.3640953,-71.1994447
PAST SALE,May-2-2017,Single Family Residential,40 Solon St,Newton,MA,02461,974700,3,3.0,Newton Highlands,2071,6241,1934,539,471,,Sold,,,http://www.redfin.com/MA/Newton-Highlands/40-Solon-St-02461/home/11478518,MLS PIN,72128335,N,Y,42.3169708,-71.2015932
PAST SALE,May-23-2017,Single Family Residential,4 Howley Ave,Newton,MA,02459,894000,4,2.0,Newton Center,2454,10073,1900,518,364,,Sold,,,http://www.redfin.com/MA/Newton-Centre/4-Howley-Ave-02459/home/11479360,MLS PIN,72121812,N,Y,42.3123619,-71.1967665
PAST SALE,,Townhouse,66 Cypress St,Newton Centre,MA,02459,930000,3,3.0,,2140,11000,2001,,435,,,,,http://www.redfin.com/MA/Newton-Centre/66-Cypress-St-02459/home/11498589,,,N,Y,42.3273235,-71.1936105
PAST SALE,June-16-2016,Single Family Residential,69 Cummings Rd,Newton,MA,02459,825000,3,2.5,Newton,1805,11682,1850,859,457,,Sold,,,http://www.redfin.com/MA/Newton-Centre/69-Cummings-Rd-02459/home/11464608,MLS PIN,71991056,N,Y,42.3349571,-71.2121284
PAST SALE,,Condo/Co-op,40 Cummings Rd,Newton Centre,MA,02459,769000,3,2.5,,1420,,1875,,542,,,,,http://www.redfin.com/MA/Newton-Centre/40-Cummings-Rd-02459/home/11502195,,,N,Y,42.3358945,-71.2106433
PAST SALE,,Townhouse,6 Heathwood Ln,Chestnut Hill,MA,02467,890000,3,2.5,,1586,,1984,,561,,,,,http://www.redfin.com/MA/Chestnut-Hill/6-Heathwood-Ln-02467/home/11498911,,,N,Y,42.3179893,-71.1737807
PAST SALE,September-16-2016,Single Family Residential,42 Roundwood Rd,Newton,MA,02464,735000,3,2.5,Elliot Hill,1583,6180,1939,767,464,,Sold,,,http://www.redfin.com/MA/Newton-Upper-Falls/42-Roundwood-Rd-02464/home/11496245,MLS PIN,72043926,N,Y,42.3175843,-71.2181616
PAST SALE,October-19-2017,Townhouse,137 Charlesbank Rd Unit A,Newton,MA,02458,850000,3,3.5,Newton,1794,,2017,369,474,275,Sold,,,http://www.redfin.com/MA/Newton/137-Charlesbank-Rd-02458/unit-A/home/113004375,MLS PIN,72216651,N,Y,42.3585436,-71.1821362
PAST SALE,May-17-2017,Townhouse,63 Boyd St #63,Watertown,MA,02472,825000,3,3.0,Watertown,2360,,2014,524,350,250,Sold,,,http://www.redfin.com/MA/Watertown/63-Boyd-St-02472/unit-63/home/113058728,MLS PIN,72116524,N,Y,42.3600633,-71.1886566
PAST SALE,,Single Family Residential,56 Boyd St,Newton,MA,02458,800000,4,2.5,,2323,5626,1889,,344,,,,,http://www.redfin.com/MA/Newton/56-Boyd-St-02458/home/11470397,,,N,Y,42.3596239,-71.188041
PAST SALE,,Townhouse,63 Boyd St,Watertown,MA,02472,825000,3,3.0,,2360,,2014,,350,,,,,http://www.redfin.com/MA/Watertown/63-Boyd-St-02472/home/52884729,,,N,Y,42.3600633,-71.1886566
PAST SALE,,Single Family Residential,147 Andrew St,Newton Highlands,MA,02461,840000,3,3.0,,1539,10025,1960,,546,,,,,http://www.redfin.com/MA/Newton-Highlands/147-Andrew-St-02461/home/11487914,,,N,Y,42.3146945,-71.2046099
PAST SALE,November-16-2015,Single Family Residential,71 Fairway Dr,Newton,MA,02465,775000,3,2.5,West Newton,2130,7710,1940,1072,364,,Sold,,,http://www.redfin.com/MA/Newton/71-Fairway-Dr-02465/home/11426285,MLS PIN,71905501,N,Y,42.3552994,-71.2180677
PAST SALE,October-3-2016,Townhouse,1170 Chestnut St #1170,Newton,MA,02464,767500,4,2.5,Newton,2486,9100,2003,750,309,1,Sold,,,http://www.redfin.com/MA/Newton/1170-Chestnut-St-02464/unit-1170/home/132092895,MLS PIN,72048571,N,Y,42.3093846,-71.2228519
PAST SALE,,Townhouse,10 California Park,Watertown,MA,02472,605000,3,2.5,,1504,,1995,,402,,,,,http://www.redfin.com/MA/Watertown/10-California-Park-02472/home/11683643,,,N,Y,42.3640576,-71.1922337
PAST SALE,November-1-2016,Townhouse,88-90 Allison St #88,Newton,MA,02458,755000,3,2.5,Nonantum,2025,7255,2012,721,373,90,Sold,,,http://www.redfin.com/MA/Newton/88-Allison-St-02458/home/11408841,MLS PIN,72068165,N,Y,42.3632329,-71.196631
PAST SALE,December-23-2016,Townhouse,131 Charlesbank Unit A,Newton,MA,02458,819000,3,2.5,Newton,2131,14080,1870,669,384,200,Sold,,,http://www.redfin.com/MA/Newton/131-Charlesbank-Rd-02458/unit-A/home/11470677,MLS PIN,72072429,N,Y,42.3585047,-71.1821001
PAST SALE,,Single Family Residential,225 Spiers Rd,Newton,MA,02459,550000,3,2.0,,1405,7004,1947,,391,,,,,http://www.redfin.com/MA/Newton/225-Spiers-Rd-02459/home/11491190,,,N,Y,42.2926015,-71.181021
PAST SALE,,Single Family Residential,21 Fredette Rd,Newton,MA,02459,880000,5,3.0,,2211,7000,1946,,398,,,,,http://www.redfin.com/MA/Newton/21-Fredette-Rd-02459/home/11490768,,,N,Y,42.2929275,-71.1816824
PAST SALE,,Single Family Residential,42 McCarthy Rd,Newton,MA,02459,800000,4,2.0,,1816,10375,1949,,441,,,,,http://www.redfin.com/MA/Newton/42-McCarthy-Rd-02459/home/11491591,,,N,Y,42.2931561,-71.1854419
PAST SALE,July-31-2018,Single Family Residential,19 Kappius Path,Newton,MA,02459,740000,4,2.5,Oak Hill Park,2112,7000,1946,84,350,,Sold,,,http://www.redfin.com/MA/Newton/19-Kappius-Path-02459/home/11491011,MLS PIN,72316237,N,Y,42.2901302,-71.1856634
PAST SALE,,Single Family Residential,819 Dedham St,Newton,MA,02459,800000,4,3.0,,1691,15093,1953,,473,,,,,http://www.redfin.com/MA/Newton/819-Dedham-St-02459/home/11492263,,,N,Y,42.2981987,-71.1855811
PAST SALE,September-26-2018,Townhouse,935 Lagrange St #935,Boston,MA,02132,725000,3,2.5,West Roxbury,2475,2475,2000,27,293,620,Sold,,,http://www.redfin.com/MA/Boston/935-Lagrange-St-02132/unit-935/home/146502526,MLS PIN,72375306,N,Y,42.2971181,-71.1721327
PAST SALE,November-6-2015,Single Family Residential,18 Crafts St,Waltham,MA,02453,575000,4,3.0,Newton Line,2500,5000,1920,1082,230,,Sold,,,http://www.redfin.com/MA/Waltham/18-Crafts-St-02453/home/11819886,MLS PIN,71913865,N,Y,42.3618723,-71.2355182
PAST SALE,September-7-2016,Single Family Residential,17 Jerome Ave,Newton,MA,02465,670000,3,2.0,West Newton,1788,2640,1894,776,375,,Sold,,,http://www.redfin.com/MA/West-Newton/17-Jerome-Ave-02465/home/11435104,MLS PIN,72041300,N,Y,42.359564,-71.2275826
PAST SALE,,Single Family Residential,1560 Washington St,West Newton,MA,02465,590000,3,2.0,,1008,9215,1923,,585,,,,,http://www.redfin.com/MA/West-Newton/1560-Washington-St-02465/home/11428076,,,N,Y,42.344316,-71.2344973
PAST SALE,May-18-2017,Single Family Residential,111 Auburndale Ave,Newton,MA,02465,820000,3,2.5,Auburndale,1828,8616,1924,523,449,,Sold,,,http://www.redfin.com/MA/Newton/111-Auburndale-Ave-02465/home/11442955,MLS PIN,72127138,N,Y,42.3525623,-71.2369104
PAST SALE,November-17-2016,Single Family Residential,72 Cumberland Rd,Newton,MA,02465,750000,3,2.0,Newton,1468,7635,1939,705,511,,Sold,,,http://www.redfin.com/MA/West-Newton/72-Cumberland-Rd-02465/home/11430511,MLS PIN,72074062,N,Y,42.3502127,-71.2375137
PAST SALE,October-3-2017,Townhouse,29 Oak St #29,Newton,MA,02464,840000,3,3.5,Newton,1763,,1880,385,476,200,Sold,,,http://www.redfin.com/MA/Newton/29-Oak-St-02464/unit-29/home/143655874,MLS PIN,72222227,N,Y,42.3116091,-71.2213108
PAST SALE,October-6-2017,Townhouse,37 Hale St #37,Newton,MA,02464,1000000,3,3.5,Newton,2400,7464,2015,382,417,,Sold,,,http://www.redfin.com/MA/Newton/37-Hale-St-02464/unit-37/home/143279083,MLS PIN,72213070,N,Y,42.3115326,-71.2234193
PAST SALE,October-25-2017,Townhouse,31 Oak St #31,Newton,MA,02464,845000,3,3.5,Newton,1763,,1880,363,479,200,Sold,,,http://www.redfin.com/MA/Newton/31-Oak-St-02464/unit-31/home/143009147,MLS PIN,72204307,N,Y,42.3115789,-71.2209608
PAST SALE,October-26-2017,Single Family Residential,31 Oak St,Newton,MA,02464,845000,3,3.5,Newton,1763,,1880,362,479,,Sold,,,http://www.redfin.com/MA/Newton/31-Oak-St-02464/home/140267787,MLS PIN,72204324,N,Y,42.3115708,-71.2209591
PAST SALE,November-30-2017,Townhouse,6 Rockland Pl #6,Newton,MA,02464,715000,4,2.5,Newton,2041,13537,1850,327,350,100,Sold,,,http://www.redfin.com/MA/Newton/6-Rockland-Pl-02464/unit-6/home/137372313,MLS PIN,72225030,N,Y,42.3173294,-71.2219922
PAST SALE,December-5-2017,Single Family Residential,69 Devonshire Rd,Newton,MA,02468,970000,3,2.5,Waban,2487,9000,1939,322,390,,Sold,,,http://www.redfin.com/MA/Waban/69-Devonshire-Rd-02468/home/11457751,MLS PIN,72227229,N,Y,42.3220546,-71.23162
PAST SALE,,Condo/Co-op,15 Thurston Rd #15,Newton,MA,02461,872000,5,3.5,,1851,,1911,,471,,,,,http://www.redfin.com/MA/Newton/15-Thurston-Rd-02461/unit-15/home/11496240,,,N,Y,42.3158783,-71.2167094
PAST SALE,June-1-2018,Single Family Residential,19 Hale St #0,Newton,MA,02464,980000,3,2.5,Newton Upper Falls,2455,6814,2013,144,399,,Sold,,,http://www.redfin.com/MA/Newton/19-Hale-St-02464/unit-19/home/11446834,MLS PIN,72313964,N,Y,42.3121103,-71.2236478
PAST SALE,August-20-2018,Single Family Residential,11 Niles Rd,Newton,MA,02461,998000,3,2.5,Newton Highlands,1850,7478,1920,64,539,,Sold,,,http://www.redfin.com/MA/Newton-Highlands/11-Niles-Rd-02461/home/11453529,MLS PIN,72345234,N,Y,42.3221626,-71.2197395
PAST SALE,September-19-2018,Single Family Residential,12 Charles St,Newton,MA,02461,930000,3,2.5,Newton,1800,5130,2011,34,517,,Sold,,,http://www.redfin.com/MA/Newton-Highlands/12-Charles-St-02461/home/21942339,MLS PIN,72379076,Y,Y,42.3162867,-71.2144489
PAST SALE,August-29-2018,Single Family Residential,103 High St,Newton,MA,02464,700000,3,2.0,Newton,1740,5150,1900,55,402,,Sold,,,http://www.redfin.com/MA/Newton-Upper-Falls/103-High-St-02464/home/11444976,MLS PIN,72323678,N,Y,42.3157393,-71.2237307
PAST SALE,September-4-2018,Townhouse,1190 Boylston St Unit A,Newton,MA,02464,680000,3,2.5,Newton Upper Falls,2500,27431,1910,49,272,120,Sold,,,http://www.redfin.com/MA/Chestnut-Hill/1190-Boylston-St-02467/home/11445123,MLS PIN,72326050,N,Y,42.3174495,-71.2213174
PAST SALE,January-16-2018,Single Family Residential,25 Dudley Rd,Newton,MA,02459,850000,3,2.5,Newton Centre,2134,8604,1915,280,398,,Sold,,,http://www.redfin.com/MA/Newton/25-Dudley-Rd-02459/home/11469191,MLS PIN,72225326,N,Y,42.3188664,-71.1873448
PAST SALE,April-6-2018,Single Family Residential,41 Maplewood Ave,Newton,MA,02459,877000,3,2.0,Newton,2096,7088,1935,200,418,,Sold,,,http://www.redfin.com/MA/Newton/41-Maplewood-Ave-02459/home/11469279,MLS PIN,72278863,N,Y,42.3194763,-71.1889692
PAST SALE,January-17-2018,Single Family Residential,8 Kerr Path,Newton,MA,02459,908000,5,3.0,Oak Hill Park,2338,11014,1950,279,388,,Sold,,,http://www.redfin.com/MA/Newton/8-Kerr-Path-02459/home/11491774,MLS PIN,72258584,N,Y,42.2927312,-71.1892941
PAST SALE,October-17-2017,Single Family Residential,775 Dedham St,Newton,MA,02459,745000,3,2.0,Newton,1994,15050,1951,371,374,,Sold,,,http://www.redfin.com/MA/Newton/775-Dedham-St-02459/home/11492342,MLS PIN,72183168,N,Y,42.2989967,-71.1872415
PAST SALE,,Single Family Residential,17 Wayne Rd,Newton,MA,02459,950000,3,2.5,,1396,14320,1961,,681,,,,,http://www.redfin.com/MA/Newton/17-Wayne-Rd-02459/home/11487265,,,N,Y,42.302479,-71.1720283
PAST SALE,March-12-2018,Single Family Residential,25 Shute Path,Newton,MA,02459,811000,3,2.0,Newton,1434,7000,1948,225,566,,Sold,,,http://www.redfin.com/MA/Newton/25-Shute-Path-02459/home/11490913,MLS PIN,72273825,N,Y,42.2909443,-71.1840039
PAST SALE,,Single Family Residential,50 Voss Ter,Newton,MA,02459,935000,3,2.5,,1404,10000,1955,,666,,,,,http://www.redfin.com/MA/Newton/50-Voss-Ter-02459/home/11477701,,,N,Y,42.3090387,-71.195142
PAST SALE,,Townhouse,60 Ober Rd,Newton Centre,MA,02459,738000,3,3.0,,2062,523183,1890,,358,,,,,http://www.redfin.com/MA/Newton-Centre/60-Ober-Rd-02459/home/11484977,,,N,Y,42.3009136,-71.1868628
PAST SALE,May-16-2018,Single Family Residential,131 Pond Brook Rd,Newton,MA,02467,692250,3,2.0,Newton,1428,7812,1946,160,485,,Sold,,,http://www.redfin.com/MA/Chestnut-Hill/131-Pond-Brook-Rd-02467/home/11486185,MLS PIN,72278450,N,Y,42.3075625,-71.1742214
PAST SALE,June-22-2018,Single Family Residential,811 Dedham St,Newton,MA,02459,835000,3,2.5,Newton,1488,15000,1955,123,561,,Sold,,,http://www.redfin.com/MA/Newton/811-Dedham-St-02459/home/11492259,MLS PIN,72324915,N,Y,42.2983947,-71.1858596
PAST SALE,June-22-2018,Single Family Residential,73 Brookline St,Newton,MA,02467,977000,3,2.5,Newton,1760,9272,1942,123,555,,Sold,,,http://www.redfin.com/MA/Chestnut-Hill/73-Brookline-St-02467/home/11500365,MLS PIN,72286959,N,Y,42.3066622,-71.1725852
PAST SALE,June-30-2017,Townhouse,1100 Lagrange St #1103,Boston,MA,02132,560000,3,2.5,West Roxbury's Chestnut Hill,2412,,1985,480,232,434,Sold,,,http://www.redfin.com/MA/Boston/1100-Lagrange-St-02132/unit-1103/home/9201104,MLS PIN,72148638,N,Y,42.2991783,-71.1714357
PAST SALE,,Townhouse,412 Parker St,Newton Centre,MA,02459,800000,3,2.5,,1516,87120,1990,,528,,,,,http://www.redfin.com/MA/Newton-Centre/412-Parker-St-02459/home/11480250,,,N,Y,42.313208,-71.1958382
PAST SALE,July-31-2018,Single Family Residential,12 Jules Ter,Newton,MA,02459,1000000,3,2.0,Newton Center,2058,10125,1958,84,486,,Sold,,,http://www.redfin.com/MA/Newton-Centre/12-Jules-Ter-02459/home/11480292,MLS PIN,72304331,N,Y,42.3124438,-71.1943995
PAST SALE,September-11-2018,Single Family Residential,10 Nightingale Path,Newton,MA,02459,780000,3,2.0,Oak Hill Park,1308,10718,1948,42,596,,Sold,,,http://www.redfin.com/MA/Newton/10-Nightingale-Path-02459/home/11491854,MLS PIN,72363641,N,Y,42.293953,-71.1879481
PAST SALE,,Single Family Residential,95 Rosalie Rd,Newton,MA,02459,940000,3,2.5,,2268,10238,1953,,414,,,,,http://www.redfin.com/MA/Newton/95-Rosalie-Rd-02459/home/11484345,,,N,Y,42.3050356,-71.1884123
PAST SALE,November-30-2017,Townhouse,39 Saco Unit U39,Newton,MA,02464,625000,3,2.0,Newton Upper Falls,1899,231730,1980,327,329,370,Sold,,,http://www.redfin.com/MA/Newton/39-Saco-St-02464/unit-U39/home/143504291,MLS PIN,72220197,N,Y,42.307644,-71.2208013
PAST SALE,July-31-2017,Townhouse,75 Saco #75,Newton,MA,02464,635000,3,2.5,Newton,2020,,1980,449,314,406,Sold,,,http://www.redfin.com/MA/Newton/75-Saco-St-02464/unit-75/home/114082238,MLS PIN,72174430,N,Y,42.3080701,-71.2204989
PAST SALE,,Single Family Residential,48 Butts St,Newton Upper Falls,MA,02464,688000,4,2.5,,1690,4273,1900,,407,,,,,http://www.redfin.com/MA/Newton-Upper-Falls/48-Butts-St-02464/home/11496470,,,N,Y,42.3078447,-71.2196931
PAST SALE,May-25-2017,Townhouse,47 Saco St #47,Newton,MA,02464,630000,3,2.5,Newton,2039,231730,1980,516,309,370,Sold,,,http://www.redfin.com/MA/Newton/47-Saco-St-02464/unit-47/home/145664729,MLS PIN,72134637,N,Y,42.3081156,-71.2204655
PAST SALE,May-30-2018,Townhouse,26 Highland Ter #2,Needham,MA,02494,799000,4,3.5,Needham,2400,5227,2018,146,333,160,Sold,,,http://www.redfin.com/MA/Needham/26-Highland-Ter-02494/unit-2/home/145471413,MLS PIN,72313864,N,Y,42.3050763,-71.216955
PAST SALE,June-15-2018,Townhouse,24 Highland Ter #1,Needham,MA,02494,795000,4,3.5,Needham,2400,5227,2018,130,331,160,Sold,,,http://www.redfin.com/MA/Needham/24-Highland-Ter-02494/unit-1/home/145369803,MLS PIN,72312061,N,Y,42.3051191,-71.2170673
PAST SALE,August-16-2018,Townhouse,42 Highland Ter #42,Needham,MA,02494,885000,4,3.0,Needham Heights,2446,,1998,68,362,,Sold,,,http://www.redfin.com/MA/Needham/42-Highland-Ter-02494/unit-42/home/145999321,MLS PIN,72341458,N,Y,42.3048412,-71.2164445
PAST SALE,July-20-2018,Townhouse,62 Manet Rd #2,Newton,MA,02467,989000,4,3.5,Chestnut Hill,2082,6712,1920,95,475,300,Sold,,,http://www.redfin.com/MA/Chestnut-Hill/62-Manet-Rd-02467/unit-2/home/11501502,MLS PIN,72340483,N,Y,42.3369315,-71.1752397
PAST SALE,October-12-2017,Single Family Residential,158 Auburndale Ave,Newton,MA,02465,780000,3,2.5,Newton,1506,6700,1925,376,518,,Sold,,,http://www.redfin.com/MA/Newton/158-Auburndale-Ave-02465/home/11430614,MLS PIN,72217677,N,Y,42.3513805,-71.2384883
PAST SALE,April-20-2018,Single Family Residential,3 W Pine St,Newton,MA,02466,677000,3,2.0,Auburndale,1047,6018,1953,186,647,,Sold,,,http://www.redfin.com/MA/Auburndale/3-W-Pine-St-02466/home/11437280,MLS PIN,72288123,N,Y,42.3518253,-71.247491
PAST SALE,,Single Family Residential,69 Charles St,Auburndale,MA,02466,550000,3,2.5,,1720,7960,1901,,320,,,,,http://www.redfin.com/MA/Auburndale/69-Charles-St-02466/home/11435720,,,N,Y,42.3429231,-71.2571734
PAST SALE,July-21-2017,Single Family Residential,524 Auburn St,Newton,MA,02466,905000,4,2.5,Auburndale,2481,,2000,459,365,,Sold,,,http://www.redfin.com/MA/Auburndale/524-Auburn-St-02466/unit-524/home/11501423,MLS PIN,72146918,N,Y,42.3446606,-71.2547766
PAST SALE,June-15-2018,Townhouse,9 Weir St #9,Newton,MA,02466,960000,4,2.5,Newton,2351,10472,1900,130,408,,Sold,,,http://www.redfin.com/MA/Auburndale/9-Weir-St-02466/unit-9/home/12436509,MLS PIN,72293227,N,Y,42.3463581,-71.239663
PAST SALE,June-15-2018,Single Family Residential,13 Murray Ter,Newton,MA,02465,932000,3,2.5,West Newton,1839,4734,1910,130,507,,Sold,,,http://www.redfin.com/MA/Newton/13-Murray-Ter-02465/home/11443340,MLS PIN,72303168,N,Y,42.34969,-71.2388711
PAST SALE,August-17-2018,Single Family Residential,263 Webster St,Newton,MA,02466,827000,3,2.0,Auburndale,1543,5741,1891,67,536,,Sold,,,http://www.redfin.com/MA/Auburndale/263-Webster-St-02466/home/11443364,MLS PIN,72349363,N,Y,42.3491438,-71.2384419
PAST SALE,March-16-2018,Townhouse,148 Chapel St #148,Newton,MA,02458,880000,3,2.5,Newton,2050,,2017,221,429,100,Sold,,,http://www.redfin.com/MA/Newton/148-Chapel-St-02458/unit-148/home/144765040,MLS PIN,72273939,N,Y,42.3603812,-71.1993911
PAST SALE,,Single Family Residential,24 Wyoming Rd,Newton,MA,02460,794000,4,2.0,,1464,5000,1920,,542,,,,,http://www.redfin.com/MA/Newton/24-Wyoming-Rd-02460/home/11416102,,,N,Y,42.362735,-71.210106
PAST SALE,May-4-2018,Single Family Residential,249 California St,Newton,MA,02458,728000,3,2.0,Newton Corner,1550,4558,1880,172,470,,Sold,,,http://www.redfin.com/MA/Newton/249-California-St-02458/home/11408028,MLS PIN,72287560,N,Y,42.3650863,-71.1985765
PAST SALE,June-29-2018,Single Family Residential,525 California St,Newton,MA,02460,700000,3,2.5,Newton,1619,6530,1900,116,432,,Sold,,,http://www.redfin.com/MA/Newton/525-California-St-02460/home/11415972,MLS PIN,72328207,N,Y,42.3618023,-71.2094366
PAST SALE,,Single Family Residential,41 Melville Ave,Newton,MA,02460,632000,3,2.5,,1272,8928,1940,,497,,,,,http://www.redfin.com/MA/Newton/41-Melville-Ave-02460/home/11414308,,,N,Y,42.3612213,-71.2068841
PAST SALE,August-31-2018,Single Family Residential,11 Adams St,Newton,MA,02460,655000,3,2.0,Newton,1428,5000,1950,53,459,,Sold,,,http://www.redfin.com/MA/Newton/11-Adams-St-02460/home/11414107,MLS PIN,72264544,N,Y,42.3627844,-71.2064664
PAST SALE,January-26-2018,Single Family Residential,43 Gilbert St,Newton,MA,02465,840000,4,2.0,West Newton,2200,6047,1905,270,382,,Sold,,,http://www.redfin.com/MA/West-Newton/43-Gilbert-St-02465/home/11429919,MLS PIN,72238535,N,Y,42.3437467,-71.2372817
PAST SALE,,Single Family Residential,1781 Commonwealth Ave,Auburndale,MA,02466,900000,4,2.5,,2356,9200,1930,,382,,,,,http://www.redfin.com/MA/Auburndale/1781-Commonwealth-Ave-02466/home/11439728,,,N,Y,42.3419136,-71.2391844
PAST SALE,May-26-2017,Townhouse,77 LOS ANGELES #1,Newton,MA,02458,940000,4,3.5,Newton,2500,7143,2017,515,376,175,Sold,,,http://www.redfin.com/MA/Newton/77-Los-Angeles-St-02458/unit-1/home/113011682,MLS PIN,72115298,N,Y,42.3637918,-71.1959362
PAST SALE,December-1-2016,Single Family Residential,186 Chapel St,Newton,MA,02458,625000,3,2.0,Nonantum,1148,6015,1900,691,544,,Sold,,,http://www.redfin.com/MA/Newton/186-Chapel-St-02458/home/11408943,MLS PIN,72080471,N,Y,42.3594658,-71.1983328
PAST SALE,,Townhouse,158 Crafts St,Newtonville,MA,02460,955000,3,3.5,,2320,10025,1997,,412,,,,,http://www.redfin.com/MA/Newtonville/158-Crafts-St-02460/home/11421794,,,N,Y,42.3562555,-71.205631
PAST SALE,September-20-2016,Townhouse,79 Morse St #2,Watertown,MA,02472,734900,3,2.5,Watertown,2083,6633,2016,763,353,100,Sold,,,http://www.redfin.com/MA/Watertown/79-Morse-St-02472/unit-2/home/108448250,MLS PIN,72043764,N,Y,42.3612339,-71.1894333
PAST SALE,April-13-2018,Single Family Residential,38 Goddard St,Newton,MA,02461,675000,4,2.0,Newton Highlands,1899,5000,1956,193,355,,Sold,,,http://www.redfin.com/MA/Newton/38-Goddard-St-02461/home/11489666,MLS PIN,72289813,N,Y,42.3055786,-71.2070439
PAST SALE,April-12-2018,Single Family Residential,249 Winchester St,Newton,MA,02461,558400,3,2.0,Newton Highlands,1379,5604,1920,194,405,,Sold,,,http://www.redfin.com/MA/Newton-Highlands/249-Winchester-St-02461/home/11489007,MLS PIN,72249898,N,Y,42.3115151,-71.2088797
PAST SALE,,Single Family Residential,59 Alexander Rd,Newton Highlands,MA,02461,850000,3,2.0,,2126,11300,1930,,400,,,,,http://www.redfin.com/MA/Newton-Highlands/59-Alexander-Rd-02461/home/11479001,,,N,Y,42.3157629,-71.2003865
PAST SALE,September-11-2017,Single Family Residential,101 Woodcliff,Newton,MA,02461,785000,3,2.0,Newton Highlands,1770,10000,1927,407,444,,Sold,,,http://www.redfin.com/MA/Newton-Highlands/101-Woodcliff-Rd-02461/home/11478396,MLS PIN,72188260,N,Y,42.3182911,-71.2020922
PAST SALE,May-18-2018,Single Family Residential,1400 Walnut St,Newton,MA,02461,954000,3,2.5,Newton Highlands,2046,5376,1937,158,466,,Sold,,,http://www.redfin.com/MA/Newton/1400-Walnut-St-02461/home/11499525,MLS PIN,72295587,N,Y,42.3147488,-71.2016396
PAST SALE,,Single Family Residential,65 Solon St,Newton Highlands,MA,02461,800000,4,2.5,,1772,9464,1933,,451,,,,,http://www.redfin.com/MA/Newton-Highlands/65-Solon-St-02461/home/11478599,,,N,Y,42.3164706,-71.2021502
PAST SALE,June-12-2018,Single Family Residential,10 Elinor Rd,Newton,MA,02461,843000,4,2.0,Newton Highlands,1228,9831,1947,133,686,,Sold,,,http://www.redfin.com/MA/Newton-Highlands/10-Elinor-Rd-02461/home/11478478,MLS PIN,72308089,N,Y,42.3150631,-71.2014656
PAST SALE,November-20-2015,Single Family Residential,73 Wallace St,Newton,MA,02461,802000,3,2.5,Newton,1916,13792,1930,1068,419,,Sold,,,http://www.redfin.com/MA/Newton/73-Wallace-St-02461/home/11489730,MLS PIN,71916307,N,Y,42.3045168,-71.2086012
PAST SALE,,Townhouse,40 Miller Rd #2,Newton,MA,02459,860000,3,3.0,,1922,6227,1930,,447,,,,,http://www.redfin.com/MA/Newton/40-Miller-Rd-02459/unit-2/home/21685042,,,N,Y,42.3215769,-71.2009475
PAST SALE,June-20-2018,Single Family Residential,290 Winchester St,Newton,MA,02461,825000,3,2.0,Newton Highlands,1973,13840,1952,125,418,,Sold,,,http://www.redfin.com/MA/Newton-Highlands/290-Winchester-St-02461/home/11488931,MLS PIN,72327411,N,Y,42.3103465,-71.2079051
PAST SALE,January-8-2018,Single Family Residential,217 CALVARY St,Waltham,MA,02453,560000,4,2.5,Waltham,2100,8748,1870,288,267,,Sold,,,http://www.redfin.com/MA/Waltham/217-Calvary-St-02453/home/11818599,MLS PIN,72225503,N,Y,42.3669549,-71.2212246
PAST SALE,,Single Family Residential,68 Mosman St,Newton,MA,02465,900000,3,2.5,,1348,10363,1976,,668,,,,,http://www.redfin.com/MA/Newton/68-Mosman-St-02465/home/11432746,,,N,Y,42.3627594,-71.2196931
PAST SALE,July-10-2017,Single Family Residential,11 Dana Rd,Newton,MA,02465,930000,3,3.0,Newton,2328,5000,1940,470,399,,Sold,,,http://www.redfin.com/MA/West-Newton/11-Dana-Rd-02465/home/11435337,MLS PIN,72124921,N,Y,42.3621321,-71.2298101
PAST SALE,June-21-2018,Townhouse,243 Brown St #1,Waltham,MA,02453,700000,3,3.5,Waltham,2000,,2018,124,350,150,Sold,,,http://www.redfin.com/MA/Waltham/243-Brown-St-02453/unit-1/home/145295032,MLS PIN,72305698,N,Y,42.3637644,-71.2320493
PAST SALE,June-21-2018,Townhouse,243 Brown St #2,Waltham,MA,02453,700000,3,3.5,Waltham,2000,,2018,124,350,150,Sold,,,http://www.redfin.com/MA/Waltham/243-Brown-St-02453/unit-2/home/145295048,MLS PIN,72305700,N,Y,42.3637644,-71.2320493
PAST SALE,May-30-2018,Single Family Residential,14 Dana Rd,Newton,MA,02465,899900,4,3.0,West Newton,2052,4818,1940,146,439,,Sold,,,http://www.redfin.com/MA/West-Newton/14-Dana-Rd-02465/home/11435414,MLS PIN,72296417,N,Y,42.3618293,-71.2299958
PAST SALE,June-14-2018,Single Family Residential,77 Fordham Rd,Newton,MA,02465,775000,4,2.0,West Newton,1902,8160,1930,131,407,,Sold,,,http://www.redfin.com/MA/West-Newton/77-Fordham-Rd-02465/home/11433891,MLS PIN,72314748,N,Y,42.3601591,-71.2260511
PAST SALE,July-3-2017,Single Family Residential,57 Cherry St,Newton,MA,02465,777000,3,2.0,Newton,1610,7447,1946,477,483,,Sold,,,http://www.redfin.com/MA/West-Newton/57-Cherry-St-02465/home/11435271,MLS PIN,72162344,N,Y,42.3622102,-71.2269793
PAST SALE,July-20-2018,Single Family Residential,14 Driftwood Dr,Newton,MA,02465,730000,4,2.0,Newton,2352,10800,1967,95,310,,Sold,,,http://www.redfin.com/MA/West-Newton/14-Driftwood-Dr-02465/home/11433017,MLS PIN,72218757,N,Y,42.3643377,-71.223313
PAST SALE,July-20-2018,Townhouse,61 Parmenter Rd #1,Waltham,MA,02453,660000,3,2.5,Waltham,1730,4000,2013,95,382,125,Sold,,,http://www.redfin.com/MA/Waltham/61-Parmenter-Rd-02453/unit-1/home/49741155,MLS PIN,72317919,N,Y,42.3640391,-71.2306807
PAST SALE,September-11-2018,Townhouse,247 Brown St #1,Waltham,MA,02453,691000,3,2.5,Waltham,1904,,2008,42,363,100,Sold,,,http://www.redfin.com/MA/Waltham/247-Brown-St-02453/unit-1/home/12334604,MLS PIN,72362616,N,Y,42.3636502,-71.2318648
PAST SALE,March-3-2017,Single Family Residential,278 Melrose St,Newton,MA,02466,580000,3,2.0,Newton,1343,5970,1870,599,432,,Sold,,,http://www.redfin.com/MA/Auburndale/278-Melrose-St-02466/home/11436164,MLS PIN,72107320,N,Y,42.3470492,-71.2484656
PAST SALE,,Single Family Residential,63 Hanson Rd,Newton,MA,02459,760000,3,2.0,,1652,10144,1948,,460,,,,,http://www.redfin.com/MA/Newton/63-Hanson-Rd-02459/home/11491651,,,N,Y,42.29329,-71.1862309
PAST SALE,,Townhouse,941 Lagrange St,Boston,MA,02132,699900,3,2.5,,2485,2485,2000,,282,,,,,http://www.redfin.com/MA/Boston/941-Lagrange-St-02132/home/9309099,,,N,Y,42.2976674,-71.1720085
PAST SALE,,Townhouse,58 Prospect St,Newton,MA,02465,880000,3,2.5,,2083,,2012,,422,,,,,http://www.redfin.com/MA/Newton/58-Prospect-St-02465/home/76480599,,,N,Y,42.3456452,-71.233169
PAST SALE,October-27-2017,Single Family Residential,84 Atwood Ave,Newton,MA,02460,955000,4,3.0,Newtonville,2478,12730,1950,361,385,,Sold,,,http://www.redfin.com/MA/Newtonville/84-Atwood-Ave-02460/home/11420247,MLS PIN,72222965,N,Y,42.3457275,-71.202243
PAST SALE,September-14-2017,Single Family Residential,117 CHESTNUT St,Newton,MA,02465,994000,4,2.5,West Newton,2476,17239,1951,404,401,,Sold,,,http://www.redfin.com/MA/West-Newton/117-Chestnut-St-02465/home/11427053,MLS PIN,72179421,N,Y,42.3458262,-71.2241019
PAST SALE,July-24-2018,Townhouse,367 Lowell Ave #367,Newton,MA,02460,916000,4,3.5,Newtonville,2305,10513,1996,91,397,375,Sold,,,http://www.redfin.com/MA/Newton/367-Lowell-Ave-02460/unit-367/home/77516758,MLS PIN,72325306,N,Y,42.3448049,-71.2115532
PAST SALE,July-30-2018,Single Family Residential,10-R Cummings Rd,Newton,MA,02459,843000,3,2.5,Newton Center,1935,4942,1900,85,436,,Sold,,,http://www.redfin.com/MA/Newton/10R-Cummings-Rd-02459/home/145195545,MLS PIN,72296675,N,Y,42.3367761,-71.2103648
PAST SALE,August-15-2018,Townhouse,30 Myrtle St #30,Newton,MA,02465,810000,3,2.5,West Newton,1425,7233,1920,69,568,,Sold,,,http://www.redfin.com/MA/Newton/30-Myrtle-St-02465/unit-30/home/137884089,MLS PIN,72353312,N,Y,42.3440199,-71.2335716
PAST SALE,,Single Family Residential,10 Cummings Rd,Newton Centre,MA,02459,843000,4,2.5,,1935,4942,1900,,436,,,,,http://www.redfin.com/MA/Newton-Centre/10-Cummings-Rd-02459/home/11464687,,,N,Y,42.336884,-71.2107825
PAST SALE,August-16-2018,Single Family Residential,58 Henshaw St,Newton,MA,02465,750000,4,2.0,West Newton,1608,2662,1912,68,466,,Sold,,,http://www.redfin.com/MA/West-Newton/58-Henshaw-St-02465/home/11431776,MLS PIN,72345209,N,Y,42.3524675,-71.2281961
PAST SALE,August-23-2018,Single Family Residential,95 Prospect St,Newton,MA,02465,990000,3,2.5,West Newton Hill,1520,8584,1870,61,651,,Sold,,,http://www.redfin.com/MA/West-Newton/95-Prospect-St-02465/home/11427711,MLS PIN,72314593,N,Y,42.3444294,-71.2322581
PAST SALE,,Townhouse,58 Webster St,Newton,MA,02465,810000,4,3.5,,2054,2263,1865,,394,,,,,http://www.redfin.com/MA/Newton/58-Webster-St-02465/home/11494808,,,N,Y,42.3499876,-71.2288791
PAST SALE,,Townhouse,35 Court St #35,Newton,MA,02458,888000,4,3.5,,2180,6000,1997,,407,,,,,http://www.redfin.com/MA/Newton/35-Court-St-02458/unit-35/home/11421857,,,N,Y,42.3536538,-71.2022414
PAST SALE,October-18-2018,Single Family Residential,85 Border St,Newton,MA,02465,740000,4,2.5,West Newton,2032,6752,1990,5,364,,Sold,,,http://www.redfin.com/MA/Newton/85-Border-St-02465/home/11430395,MLS PIN,72388802,Y,Y,42.3484567,-71.2330765
PAST SALE,,Condo/Co-op,128 Otis St #128,Newton,MA,02460,767000,3,1.5,,1528,,1934,,502,,,,,http://www.redfin.com/MA/Newton/128-Otis-St-02460/unit-128/home/11422853,,,N,Y,42.3467905,-71.2126792
PAST SALE,September-25-2018,Single Family Residential,8 Beach St,Newton,MA,02458,680000,3,2.0,Newton,1978,5757,1853,28,344,,Sold,,,http://www.redfin.com/MA/Newton/8-Beach-St-02458/home/11421943,MLS PIN,72377505,N,Y,42.3529248,-71.2037281
PAST SALE,,Single Family Residential,50 Lenglen Rd,Newton,MA,02458,750000,3,2.5,,1189,7220,1951,,631,,,,,http://www.redfin.com/MA/Newton/50-Lenglen-Rd-02458/home/11415832,,,N,Y,42.3546716,-71.1991334
PAST SALE,April-12-2018,Single Family Residential,35 Kilburn Rd,Newton,MA,02465,905000,3,2.5,West Newton,1552,6060,1945,194,583,,Sold,,,http://www.redfin.com/MA/West-Newton/35-Kilburn-Rd-02465/home/11431657,MLS PIN,72284704,N,Y,42.3546108,-71.2277218
PAST SALE,October-20-2017,Single Family Residential,2 Elmhurst Rd,Newton,MA,02458,680000,3,3.5,Newton,2339,10010,2018,368,291,,Sold,,,http://www.redfin.com/MA/Newton/2-Elmhurst-Rd-02458/home/11471359,MLS PIN,72201503,N,Y,42.3566401,-71.1728637
PAST SALE,April-30-2018,Single Family Residential,16 Barbara Rd,Newton,MA,02465,796000,3,2.0,West Newton,1400,7100,1940,176,569,,Sold,,,http://www.redfin.com/MA/West-Newton/16-Barbara-Rd-02465/home/11435083,MLS PIN,72286021,N,Y,42.3598162,-71.2275361
PAST SALE,,Single Family Residential,9 Jones Ct,Newton,MA,02458,675000,4,2.5,,1432,2957,1920,,471,,,,,http://www.redfin.com/MA/Newton/9-Jones-Ct-02458/home/11415520,,,N,Y,42.3574106,-71.1997368
PAST SALE,May-15-2018,Single Family Residential,176 Adams Ave,Newton,MA,02465,670000,3,2.0,Newton,1080,4500,1957,161,620,,Sold,,,http://www.redfin.com/MA/West-Newton/176-Adams-Ave-02465/home/11434479,MLS PIN,72311144,N,Y,42.3579017,-71.2318057
PAST SALE,June-15-2018,Single Family Residential,59 Underwood Ave,Newton,MA,02465,765900,4,2.0,Newton,1386,11869,1954,130,553,,Sold,,,http://www.redfin.com/MA/Newton/59-Underwood-Ave-02465/home/11442041,MLS PIN,72311736,N,Y,42.3599415,-71.2367763
PAST SALE,July-18-2018,Townhouse,2 No Park St #1,Watertown,MA,02472,851000,4,2.5,Watertown,2382,,1999,97,357,125,Sold,,,http://www.redfin.com/MA/Watertown/2-N-Park-St-02472/unit-1/home/145682159,MLS PIN,72329794,N,Y,42.3604504,-71.1876438
PAST SALE,August-21-2018,Townhouse,310 Tremont St #37,Newton,MA,02458,880000,4,3.5,Newton Corner,2455,,1994,63,358,75,Sold,,,http://www.redfin.com/MA/Newton/310-Tremont-St-02458/unit-37/home/145125848,MLS PIN,72293164,N,Y,42.3545537,-71.1806469
PAST SALE,August-7-2018,Single Family Residential,257 Linwood Ave,Newton,MA,02460,969000,5,3.0,Newtonville,2423,5975,1930,77,400,,Sold,,,http://www.redfin.com/MA/Newton/257-Linwood-Ave-02460/home/11420936,MLS PIN,72337505,N,Y,42.3592749,-71.2092046
PAST SALE,September-13-2018,Townhouse,20 Fayette St #20,Newton,MA,02458,715000,3,2.5,Newton Corner,1547,4469,1880,40,462,,Sold,,,http://www.redfin.com/MA/Newton/20-Fayette-St-02458/unit-20/home/105512031,MLS PIN,72345749,N,Y,42.360169,-71.1917966
PAST SALE,August-24-2018,Single Family Residential,28 Clinton St,Newton,MA,02458,760000,3,2.0,Newton,1780,3458,1900,60,427,,Sold,,,http://www.redfin.com/MA/Newton/28-Clinton-St-02458/home/11415689,MLS PIN,72360149,N,Y,42.3564215,-71.1995976
PAST SALE,August-23-2018,Single Family Residential,20 North St,Newton,MA,02460,865000,4,2.5,Newton,2086,7310,1952,61,415,,Sold,,,http://www.redfin.com/MA/Newton/20-North-St-02459/home/11493552,MLS PIN,72354050,N,Y,42.360186,-71.216178
PAST SALE,August-30-2018,Townhouse,161 Pearl St Unit B,Newton,MA,02458,900000,3,2.5,Newton,2335,7212,2005,54,385,,Sold,,,http://www.redfin.com/MA/Newton/161-Pearl-St-02458/unit-B/home/12439232,MLS PIN,72353961,N,Y,42.3591934,-71.1927286
PAST SALE,September-27-2018,Single Family Residential,15 James St,Newton,MA,02465,750000,4,2.0,Newton,1560,7500,1950,26,481,,Sold,,,http://www.redfin.com/MA/Newton/15-James-St-02465/home/11442516,MLS PIN,72387081,N,Y,42.3575772,-71.2377922
PAST SALE,October-19-2018,Single Family Residential,144 Derby St,Newton,MA,02465,655000,3,2.0,West Newton,1428,9919,1930,4,459,,Sold,,,http://www.redfin.com/MA/West-Newton/144-Derby-St-02465/home/11434599,MLS PIN,72282319,N,Y,42.3580976,-71.2296709
PAST SALE,November-1-2017,Townhouse,3 Erie Ave #3,Newton,MA,02461,980000,3,2.5,Newton Highlands,1895,,1988,356,517,1003,Sold,,,http://www.redfin.com/MA/Newton/3-Erie-Ave-02461/unit-3/home/77466712,MLS PIN,72243052,N,Y,42.3208522,-71.2088856
PAST SALE,December-21-2017,Single Family Residential,58 Roundwood Rd,Newton,MA,02464,699000,3,2.0,Eliot Hill,1592,16150,1940,306,439,,Sold,,,http://www.redfin.com/MA/Newton/58-Roundwood-Rd-02464/home/11445440,MLS PIN,72250904,N,Y,42.31753,-71.2172927
PAST SALE,December-4-2017,Single Family Residential,15 Bacon Pl,Newton,MA,02464,920000,4,2.5,Highlands/Waban,1920,6300,1885,323,479,,Sold,,,http://www.redfin.com/MA/Newton/15-Bacon-Pl-02464/home/11455538,MLS PIN,72222928,N,Y,42.3184466,-71.2206213
PAST SALE,July-20-2017,Single Family Residential,1382 Beacon St,Newton,MA,02468,917000,3,2.0,Waban,1964,9946,1932,460,467,,Sold,,,http://www.redfin.com/MA/Waban/1382-Beacon-St-02468/home/11451163,MLS PIN,72166052,N,Y,42.3300979,-71.2202964
PAST SALE,September-11-2017,Single Family Residential,220 Woodward St,Newton,MA,02468,910000,4,3.5,Waban,2124,9679,1934,407,428,,Sold,,,http://www.redfin.com/MA/Waban/220-Woodward-St-02468/home/11453431,MLS PIN,72178112,N,Y,42.3228243,-71.2205749
PAST SALE,November-1-2017,Single Family Residential,925 Walnut St,Newton,MA,02461,555000,3,2.0,Newton,1440,6735,1860,356,385,,Sold,,,http://www.redfin.com/MA/Newton-Highlands/925-Walnut-St-02461/home/11454366,MLS PIN,72227251,N,Y,42.3296044,-71.2070697
PAST SALE,September-8-2017,Single Family Residential,897 Chestnut St,Newton,MA,02468,1000000,4,2.5,Waban,2142,10000,1910,410,467,,Sold,,,http://www.redfin.com/MA/Waban/897-Chestnut-St-02468/home/11458125,MLS PIN,72177966,N,Y,42.3184464,-71.2263295
PAST SALE,February-1-2018,Single Family Residential,20 Kenneth St,Newton,MA,02461,610000,3,2.5,Newton Highlands,1512,5000,1993,264,403,,Sold,,,http://www.redfin.com/MA/Newton-Highlands/20-Kenneth-St-02461/home/11488393,MLS PIN,72218191,N,Y,42.3131169,-71.2108753
PAST SALE,May-25-2018,Single Family Residential,30 Circuit Ave,Newton,MA,02461,919000,5,2.0,Newton Highlands,1656,7401,1920,151,555,,Sold,,,http://www.redfin.com/MA/Newton-Highlands/30-Circuit-Ave-02461/home/11445854,MLS PIN,72296599,N,Y,42.3172914,-71.2162124
PAST SALE,May-31-2018,Single Family Residential,15 Terrace Ave,Newton,MA,02461,855000,3,2.0,Newton Highlands,1497,7139,1940,145,571,,Sold,,,http://www.redfin.com/MA/Newton-Highlands/15-Terrace-Ave-02461/home/11454615,MLS PIN,72286094,N,Y,42.3250675,-71.2099007
PAST SALE,July-12-2018,Townhouse,60 High St #60,Newton,MA,02464,725000,3,2.5,Newton Upper Falls,1838,8700,1874,103,394,200,Sold,,,http://www.redfin.com/MA/Newton/60-High-St-02464/unit-60/home/145550180,MLS PIN,72319368,N,Y,42.3142224,-71.2236693
PAST SALE,August-6-2018,Single Family Residential,166 Plymouth Rd,Newton,MA,02461,955000,4,3.5,Newton Highlands,2350,8480,1926,78,406,,Sold,,,http://www.redfin.com/MA/Newton-Highlands/166-Plymouth-Rd-02461/home/11454090,MLS PIN,72335614,N,Y,42.3244006,-71.2149594
PAST SALE,July-20-2018,Single Family Residential,45 Hickory Cliff Rd,Newton,MA,02464,965000,4,2.0,Newton,1908,6580,1939,95,506,,Sold,,,http://www.redfin.com/MA/Newton-Upper-Falls/45-Hickory-Cliff-Rd-02464/home/11445147,MLS PIN,72319638,N,Y,42.3162338,-71.2200644
PAST SALE,July-19-2018,Single Family Residential,238 Winchester St,Newton,MA,02461,858000,3,2.0,Newton Highlands,2230,9250,1930,96,385,,Sold,,,http://www.redfin.com/MA/Newton-Highlands/238-Winchester-St-02461/home/11488484,MLS PIN,72339777,N,Y,42.3120255,-71.2086012
PAST SALE,July-31-2018,Single Family Residential,855 Chestnut St,Newton,MA,02468,925000,3,2.0,Waban,1659,10000,1929,84,558,,Sold,,,http://www.redfin.com/MA/Waban/855-Chestnut-St-02468/home/11458110,MLS PIN,72340791,N,Y,42.3200624,-71.2266544
PAST SALE,August-20-2018,Single Family Residential,33 Dedham St,Newton,MA,02461,820000,3,2.0,Newton Highlands,1628,6883,1942,64,504,,Sold,,,http://www.redfin.com/MA/Newton-Highlands/33-Dedham-St-02461/home/11488167,MLS PIN,72335914,N,Y,42.3160368,-71.2074874
PAST SALE,September-28-2018,Single Family Residential,41 Keefe Ave,Newton,MA,02464,629000,3,2.0,Newton,1481,12694,1850,25,425,,Sold,,,http://www.redfin.com/MA/Newton/41-Keefe-Ave-02464/unit-41/home/137080927,MLS PIN,72363258,N,Y,42.3104844,-71.2257513
PAST SALE,,Townhouse,90 Christina St Unit A,Newton Highlands,MA,02461,650000,3,2.5,,1505,35393,2003,,432,,,,,http://www.redfin.com/MA/Newton-Highlands/90-Christina-St-02461/unit-A/home/11502101,,,N,Y,42.3065954,-71.212314
PAST SALE,October-5-2018,Single Family Residential,85 Carl St,Newton,MA,02461,792500,3,2.0,Newton Highlands,1365,7596,1950,18,581,,Sold,,,http://www.redfin.com/MA/Newton-Highlands/85-Carl-St-02461/home/11489231,MLS PIN,72342894,N,Y,42.3083941,-71.2106433
PAST SALE,October-2-2018,Single Family Residential,19 Andrew St,Newton,MA,02461,940000,3,2.5,Newton Highlands,1884,12240,1960,21,499,,Sold,,,http://www.redfin.com/MA/Newton-Highlands/19-Andrew-St-02461/home/11488020,MLS PIN,72372346,N,Y,42.3148654,-71.2053989
PAST SALE,September-24-2018,Single Family Residential,302 Woodward St,Newton,MA,02468,1000000,3,2.0,Waban,1607,11674,1954,29,622,,Sold,,,http://www.redfin.com/MA/Waban/302-Woodward-St-02468/home/11453369,MLS PIN,72310747,N,Y,42.3242153,-71.2239627
PAST SALE,,Condo/Co-op,39 Keefe Ave,Newton Upper Falls,MA,02464,629000,3,2.0,,1481,,1850,,425,,,,,http://www.redfin.com/MA/Newton-Upper-Falls/39-Keefe-Ave-02464/home/11447096,,,N,Y,42.3105914,-71.225819
PAST SALE,October-21-2018,Townhouse,966 Chestnut St #966,Newton,MA,02464,710000,3,2.0,Newton,1723,,1830,2,412,367,Sold,,,http://www.redfin.com/MA/Newton/966-Chestnut-St-02464/unit-966/home/77483073,MLS PIN,72389890,N,Y,42.3158169,-71.2252444
PAST SALE,,Single Family Residential,1824 Commonwealth Ave,Auburndale,MA,02466,880000,3,2.5,,1948,11543,1970,,452,,,,,http://www.redfin.com/MA/Auburndale/1824-Commonwealth-Ave-02466/home/11439914,,,N,Y,42.3425326,-71.241087
PAST SALE,March-23-2018,Single Family Residential,1890 Washington St,Newton,MA,02466,750000,3,2.0,Newton,1686,11518,1942,214,445,,Sold,,,http://www.redfin.com/MA/Auburndale/1890-Washington-St-02466/home/11441343,MLS PIN,72278004,N,Y,42.3349962,-71.2426645
PAST SALE,,Single Family Residential,286 Central St,Auburndale,MA,02466,930000,4,2.5,,2276,15860,1870,,409,,,,,http://www.redfin.com/MA/Auburndale/286-Central-St-02466/home/11440541,,,N,Y,42.3436328,-71.2519924
PAST SALE,July-25-2018,Single Family Residential,28 Clearwater Rd,Newton,MA,02462,862000,3,2.5,Newton Lower Falls,1728,8200,1950,90,499,,Sold,,,http://www.redfin.com/MA/Newton-Lower-Falls/28-Clearwater-Rd-02462/home/11438188,MLS PIN,72319024,N,Y,42.3328661,-71.2606236
PAST SALE,July-16-2018,Single Family Residential,477 Grove St,Newton,MA,02462,822000,3,2.0,Newton,1605,6017,1950,99,512,,Sold,,,http://www.redfin.com/MA/Newton/477-Grove-St-02462/home/11438269,MLS PIN,72315248,N,Y,42.3323679,-71.2563544
PAST SALE,July-31-2018,Single Family Residential,25 Longfellow Rd,Newton,MA,02462,985000,4,2.5,Lower Falls,2342,10028,1945,84,421,,Sold,,,http://www.redfin.com/MA/Newton/25-Longfellow-Rd-02462/home/11455626,MLS PIN,72323317,N,Y,42.3326565,-71.2444283
PAST SALE,May-1-2017,Single Family Residential,36 Swallow Dr,Newton,MA,02462,900000,3,2.0,Newton Lower Falls,1690,19759,1954,540,533,,Sold,,,http://www.redfin.com/MA/Newton-Lower-Falls/36-Swallow-Dr-02462/home/11438979,MLS PIN,72140989,N,Y,42.3284041,-71.2595099
PAST SALE,January-9-2018,Single Family Residential,150 Cotton,Newton,MA,02458,950000,3,2.5,Newton,2014,9190,1938,287,472,,Sold,,,http://www.redfin.com/MA/Newton/150-Cotton-St-02458/home/11475679,MLS PIN,72160543,N,Y,42.3407906,-71.1889014
PAST SALE,December-18-2017,Single Family Residential,496 Parker St,Newton,MA,02459,897500,3,3.0,Newton,2030,8550,1930,309,442,,Sold,,,http://www.redfin.com/MA/Newton/496-Parker-St-02459/home/11477852,MLS PIN,72211573,N,Y,42.3106014,-71.1969057
PAST SALE,September-5-2017,Single Family Residential,21 Renee Ter,Newton,MA,02459,855000,3,2.0,Newton,1408,10340,1963,413,607,,Sold,,,http://www.redfin.com/MA/Newton-Centre/21-Renee-Ter-02459/home/11466771,MLS PIN,72179127,N,Y,42.3292127,-71.1843744
PAST SALE,July-3-2018,Townhouse,412-416 Parker St Unit G,Newton,MA,02459,800000,3,2.5,Newton,1516,,1990,112,528,426,Sold,,,http://www.redfin.com/MA/Newton/412-416-Parker-St-02459/unit-G/home/145483969,MLS PIN,72314269,N,Y,42.3132554,-71.1948292
PAST SALE,,Single Family Residential,638 Beacon St,Newton Centre,MA,02459,700000,3,2.5,,1840,12970,1937,,380,,,,,http://www.redfin.com/MA/Newton-Centre/638-Beacon-St-02459/home/11459864,,,N,Y,42.3311488,-71.1863701
PAST SALE,August-1-2018,Single Family Residential,306 Langley Rd,Newton,MA,02459,658800,3,2.0,Newton Center,1320,3784,1900,83,499,,Sold,,,http://www.redfin.com/MA/Newton/306-Langley-Rd-02459/home/11467204,MLS PIN,72328155,N,Y,42.3232393,-71.1853026
PAST SALE,,Single Family Residential,50 W Boulevard Rd,Newton,MA,02459,1000000,3,2.5,,2154,6418,1940,,464,,,,,http://www.redfin.com/MA/Newton/50-W-Boulevard-Rd-02459/home/11475976,,,N,Y,42.339864,-71.187937
PAST SALE,June-15-2018,Townhouse,65 Morse St #65,Watertown,MA,02472,662000,3,2.5,Watertown,1504,,1994,130,440,110,Sold,,,http://www.redfin.com/MA/Watertown/65-Morse-St-02472/unit-65/home/87274025,MLS PIN,72306445,N,Y,42.361115,-71.188693
PAST SALE,,Townhouse,65 Morse St #65,Watertown,MA,02472,662000,3,2.5,,1504,,1994,,440,,,,,http://www.redfin.com/MA/Watertown/65-Morse-St-02472/unit-65/home/11703556,,,N,Y,42.361115,-71.188693
PAST SALE,,Townhouse,2 N Park St #1,Watertown,MA,02472,851000,4,2.5,,2004,,1999,,425,,,,,http://www.redfin.com/MA/Watertown/2-N-Park-St-02472/unit-1/home/11682113,,,N,Y,42.3604504,-71.1876438
PAST SALE,August-28-2018,Townhouse,106 Morse St #106,Watertown,MA,02472,770000,4,2.5,Watertown,2225,15362,1850,56,346,,Sold,,,http://www.redfin.com/MA/Watertown/106-Morse-St-02472/unit-106/home/146039341,MLS PIN,72344512,N,Y,42.3613451,-71.190965
PAST SALE,May-4-2017,Townhouse,412-416 Parker St Unit N,Newton,MA,02459,707000,3,2.5,Newton Center,1518,87120,1991,537,466,465,Sold,,,http://www.redfin.com/MA/Newton/412-Parker-St-02459/unit-N/home/113386241,MLS PIN,72129504,N,Y,42.313208,-71.1958372
PAST SALE,April-10-2017,Single Family Residential,125 Wendell Rd,Newton,MA,02459,955000,3,2.0,Newton Center,2500,10406,1952,561,382,,Sold,,,http://www.redfin.com/MA/Newton/125-Wendell-Rd-02459/home/11478150,MLS PIN,72122605,N,Y,42.3102208,-71.2020596
PAST SALE,April-28-2017,Single Family Residential,650 Boylston St,Newton,MA,02459,591900,3,2.5,Newton Center,1248,6010,1925,543,474,,Sold,,,http://www.redfin.com/MA/Newton-Centre/650-Boylston-St-02459/home/11479681,MLS PIN,72117505,N,Y,42.3187968,-71.1965673
PAST SALE,May-25-2017,Single Family Residential,428 Parker St,Newton,MA,02459,995000,4,2.5,Newton,2351,16067,1880,516,423,,Sold,,,http://www.redfin.com/MA/Newton-Centre/428-Parker-St-02459/home/11480270,MLS PIN,72124120,N,Y,42.3127778,-71.195931
PAST SALE,August-5-2016,Single Family Residential,42 Charlemont St,Newton,MA,02461,840000,3,3.0,Newton highlands,2108,15766,1928,809,398,,Sold,,,http://www.redfin.com/MA/Newton-Highlands/42-Charlemont-St-02461/home/11489584,MLS PIN,72027618,N,Y,42.3066665,-71.2079051
PAST SALE,May-8-2017,Single Family Residential,308 Winchester St,Newton,MA,02461,772000,3,2.0,Newton Highlands,1770,14720,1945,533,436,,Sold,,,http://www.redfin.com/MA/Newton-Highlands/308-Winchester-St-02461/home/11500556,MLS PIN,72125044,N,Y,42.309726,-71.2075338
PAST SALE,,Townhouse,412 Parker St,Newton Centre,MA,02459,707000,3,3.5,,1518,87120,1991,,466,,,,,http://www.redfin.com/MA/Newton-Centre/412-Parker-St-02459/home/11499728,,,N,Y,42.313208,-71.1958382
PAST SALE,,Townhouse,47 Saco St,Newton,MA,02464,630000,3,2.5,,1266,231730,1980,,498,,,,,http://www.redfin.com/MA/Newton/47-Saco-St-02464/home/11447270,,,N,Y,42.3081156,-71.2204655
PAST SALE,June-1-2016,Single Family Residential,66 Pleasant St,Newton,MA,02465,980000,5,2.5,Newton,2370,10200,1880,874,414,,Sold,,,http://www.redfin.com/MA/Newton-Centre/66-Pleasant-St-02459/home/11433931,MLS PIN,71969593,N,Y,42.331334,-71.1973234
PAST SALE,April-28-2017,Single Family Residential,14 Linda Ln,Newton,MA,02461,772000,4,2.0,Newton,1503,9510,1955,543,514,,Sold,,,http://www.redfin.com/MA/Newton-Highlands/14-Linda-Ln-02461/home/11479188,MLS PIN,72128208,N,Y,42.3147093,-71.1989942
PAST SALE,December-3-2015,Townhouse,29 Saco St #29,Newton,MA,02464,519000,3,2.5,Newton,1666,,1980,1055,312,472,Sold,,,http://www.redfin.com/MA/Newton/29-Saco-St-02464/unit-29/home/101101242,MLS PIN,71910083,N,Y,42.307947,-71.220763
PAST SALE,,Townhouse,41 Saco St,Newton,MA,02464,620800,3,2.0,,1266,231730,1980,,490,,,,,http://www.redfin.com/MA/Newton/41-Saco-St-02464/home/11496451,,,N,Y,42.3076232,-71.2208137
PAST SALE,March-15-2017,Townhouse,12 Hale St #12,Newton,MA,02464,500000,3,2.5,Newton,1345,3945,1885,587,372,250,Sold,,,http://www.redfin.com/MA/Newton/12-Hale-St-02464/unit-12/home/112959619,MLS PIN,72111067,N,Y,42.3124563,-71.2232202
PAST SALE,December-16-2015,Single Family Residential,15 Buswell Park,Newton,MA,02458,973000,3,2.5,Newton,1720,6297,1941,1042,566,,Sold,,,http://www.redfin.com/MA/Newton/15-Buswell-Park-02458/home/11473346,MLS PIN,71916971,N,Y,42.350501,-71.1854883
PAST SALE,September-8-2016,Single Family Residential,166 Waverley Ave,Newton,MA,02458,691000,3,2.0,Newton Corner,1544,5273,1939,775,448,,Sold,,,http://www.redfin.com/MA/Newton/166-Waverley-Ave-02458/home/11473247,MLS PIN,72007641,N,Y,42.3500546,-71.1800115
PAST SALE,December-11-2015,Single Family Residential,55 Dearborn,Newton,MA,02465,587500,4,2.0,West Newton,1608,6105,1950,1047,365,,Sold,,,http://www.redfin.com/MA/West-Newton/55-Dearborn-St-02465/home/11432349,MLS PIN,71902392,N,Y,42.3559809,-71.2329658
PAST SALE,,Single Family Residential,209 Derby St,West Newton,MA,02465,730000,5,2.0,,2009,9284,1880,,363,,,,,http://www.redfin.com/MA/West-Newton/209-Derby-St-02465/home/11441747,,,N,Y,42.3593836,-71.2322233
PAST SALE,,Single Family Residential,190 Parmenter Rd,West Newton,MA,02465,687000,4,2.0,,1537,5850,1930,,447,,,,,http://www.redfin.com/MA/West-Newton/190-Parmenter-Rd-02465/home/11434819,,,N,Y,42.3598094,-71.2316664
PAST SALE,,Single Family Residential,50 Valley Spring Rd,Newton,MA,02458,950000,3,2.5,,1924,10971,1951,,494,,,,,http://www.redfin.com/MA/Newton/50-Valley-Spring-Rd-02458/home/11474275,,,N,Y,42.344846,-71.1775516
PAST SALE,March-15-2018,Townhouse,15 Vernon St #15,Newton,MA,02458,915000,3,2.5,Newton Corner,1761,,2018,222,520,,Sold,,,http://www.redfin.com/MA/Newton/15-Vernon-St-02458/unit-15/home/144837171,MLS PIN,72279789,N,Y,42.3538186,-71.1802835
PAST SALE,June-12-2018,Single Family Residential,9 Coolidge Rd,Newton,MA,02459,945000,3,2.5,Newton Center,1900,5725,1922,133,497,,Sold,,,http://www.redfin.com/MA/Newton-Centre/9-Coolidge-Rd-02459/home/11476086,MLS PIN,72315168,N,Y,42.3395548,-71.1866486
PAST SALE,June-29-2018,Single Family Residential,29 Ware Rd,Newton,MA,02466,900000,4,2.0,Auburndale,1908,4925,1928,116,472,,Sold,,,http://www.redfin.com/MA/Auburndale/29-Ware-Rd-02466/home/11436577,MLS PIN,72306819,N,Y,42.3496018,-71.2506002
PAST SALE,July-13-2018,Single Family Residential,3 Milton St,Newton,MA,02465,980000,4,3.0,Newton,2239,6314,1958,102,438,,Sold,,,http://www.redfin.com/MA/West-Newton/3-Milton-St-02465/home/11442050,MLS PIN,72302237,N,Y,42.3597421,-71.2360906
PAST SALE,,Condo/Co-op,9 Weir St,Auburndale,MA,02466,960000,3,2.5,,2351,,1895,,408,,,,,http://www.redfin.com/MA/Auburndale/9-Weir-St-02466/home/12439266,,,N,Y,42.3463581,-71.239663
PAST SALE,July-11-2016,Single Family Residential,17 Tamarac Rd,Newton,MA,02464,730000,3,2.0,Newton Upper Falls,1534,8758,1948,834,476,,Sold,,,http://www.redfin.com/MA/Newton-Upper-Falls/17-Tamarac-Rd-02464/home/11445113,MLS PIN,72007461,N,Y,42.3164423,-71.2217351
PAST SALE,November-22-2016,Single Family Residential,50 Pennsylvania,Newton,MA,02464,520000,3,2.0,Newton,2044,5854,1923,700,254,,Sold,,,http://www.redfin.com/MA/Newton-Upper-Falls/50-Pennsylvania-Ave-02464/home/11446601,MLS PIN,72074865,N,Y,42.3105291,-71.2230346
PAST SALE,,Single Family Residential,45 Wyman St,Waban,MA,02468,1000000,3,2.5,,1840,11350,1957,,543,,,,,http://www.redfin.com/MA/Waban/45-Wyman-St-02468/home/11451835,,,N,Y,42.3255795,-71.2285107
PAST SALE,June-27-2018,Single Family Residential,2 Thaxter Rd,Newton,MA,02460,715000,4,3.0,Newtonville,1680,4952,1930,118,426,,Sold,,,http://www.redfin.com/MA/Newton/2-Thaxter-Rd-02460/home/11416011,MLS PIN,72290195,N,Y,42.3636096,-71.2089261
PAST SALE,April-23-2018,Townhouse,61 Parmenter Rd #2,Waltham,MA,02453,649000,3,2.5,Waltham,1730,4000,2013,183,375,125,Sold,,,http://www.redfin.com/MA/Waltham/61-Parmenter-Rd-02453/home/49741156,MLS PIN,72289726,N,Y,42.3640391,-71.2306807
PAST SALE,May-31-2018,Single Family Residential,8 Barnes Rd,Newton,MA,02458,901000,4,2.5,Hunnewell Hill,2190,4474,1925,145,411,,Sold,,,http://www.redfin.com/MA/Newton/8-Barnes-Rd-02458/home/11471263,MLS PIN,72303148,N,Y,42.3571241,-71.1752773
PAST SALE,January-10-2017,Single Family Residential,544 Quinobequin Rd,Newton,MA,02468,960000,3,2.5,Village of Waban,2221,9529,1940,651,432,,Sold,,,http://www.redfin.com/MA/Waban/544-Quinobequin-Rd-02468/home/11457713,MLS PIN,72070642,N,Y,42.3216876,-71.2329658
PAST SALE,August-10-2016,Single Family Residential,92 Oakdale Rd,Newton,MA,02459,720000,3,2.0,Newton Centre,1908,6528,1951,804,377,,Sold,,,http://www.redfin.com/MA/Newton/92-Oakdale-Rd-02461/home/11478797,MLS PIN,71996036,N,Y,42.3182019,-71.1989112
PAST SALE,April-14-2017,Single Family Residential,45 Smith Ave,Newton,MA,02465,715000,3,2.0,West Newton,1313,6650,1948,557,545,,Sold,,,http://www.redfin.com/MA/West-Newton/45-Smith-Ave-02465/home/11432454,MLS PIN,72114665,N,Y,42.3562977,-71.2339056
PAST SALE,July-7-2016,Single Family Residential,217 River St,Newton,MA,02465,617000,3,2.0,Newton,1464,6764,1952,838,421,,Sold,,,http://www.redfin.com/MA/West-Newton/217-River-St-02465/home/11432478,MLS PIN,72005022,N,Y,42.355122,-71.2349149
PAST SALE,December-15-2015,Single Family Residential,301 River St,Newton,MA,02465,560000,3,2.0,Newton,1616,4110,1890,1043,347,,Sold,,,http://www.redfin.com/MA/West-Newton/301-River-St-02465/home/11442498,MLS PIN,71922408,N,Y,42.3570201,-71.2377922
PAST SALE,May-10-2017,Single Family Residential,376 NEWTON St,Waltham,MA,02453,575000,4,2.5,Newton Line,1625,3200,1900,531,354,,Sold,,,http://www.redfin.com/MA/Waltham/376-Newton-St-02453/home/11819370,MLS PIN,72134799,N,Y,42.3641666,-71.2321769
PAST SALE,October-26-2016,Single Family Residential,284 Ash St,Waltham,MA,02453,459000,4,2.0,Waltham,1719,4200,1820,727,267,,Sold,,,http://www.redfin.com/MA/Waltham/284-Ash-St-02453/home/11820044,MLS PIN,72037764,N,Y,42.3645596,-71.2296709
PAST SALE,,Single Family Residential,47 Randlett Park,West Newton,MA,02465,910000,4,2.5,,2017,9080,1939,,451,,,,,http://www.redfin.com/MA/West-Newton/47-Randlett-Park-02465/home/11426019,,,N,Y,42.3542732,-71.2184865
PAST SALE,November-3-2015,Single Family Residential,402 Parker St,Newton,MA,02459,935000,3,2.5,Newton,2200,5200,1920,1085,425,,Sold,,,http://www.redfin.com/MA/Newton/402-Parker-St-02459/home/11480218,MLS PIN,71869774,N,Y,42.3136147,-71.1956062
PAST SALE,,Townhouse,29 Saco St,Newton,MA,02464,519000,3,2.5,,1266,231730,1980,,410,,,,,http://www.redfin.com/MA/Newton/29-Saco-St-02464/home/11496440,,,N,Y,42.307947,-71.220763
PAST SALE,April-15-2016,Single Family Residential,12 Shawmut Park,Newton,MA,02464,660000,3,2.5,Newton Upper Falls,1500,3750,1910,921,440,,Sold,,,http://www.redfin.com/MA/Newton-Upper-Falls/12-Shawmut-Park-02464/home/11446421,MLS PIN,71900636,N,Y,42.3109342,-71.2201572
PAST SALE,November-18-2015,Single Family Residential,188 Homer St,Newton,MA,02459,980000,3,3.0,Newton Center,2166,8870,1926,1070,452,,Sold,,,http://www.redfin.com/MA/Newton-Centre/188-Homer-St-02459/home/11466319,MLS PIN,71905639,N,Y,42.3347463,-71.201454
PAST SALE,June-6-2016,Single Family Residential,11 Fessenden St,Newton,MA,02460,865000,3,2.5,West Newton,1710,7068,1940,869,506,,Sold,,,http://www.redfin.com/MA/Newton/11-Fessenden-St-02460/home/11417004,MLS PIN,71989814,N,Y,42.360126,-71.2144489
PAST SALE,August-26-2016,Single Family Residential,184 Christina St,Newton,MA,02461,746000,4,2.0,Newton Highlands,1728,7244,1950,788,432,,Sold,,,http://www.redfin.com/MA/Newton-Highlands/184-Christina-St-02461/home/11489649,MLS PIN,72031658,N,Y,42.3046776,-71.2091118
PAST SALE,June-16-2016,Townhouse,99 North St #99,Newton,MA,02460,699000,3,2.5,Newtonville,1825,8326,2001,859,383,150,Sold,,,http://www.redfin.com/MA/Newton/99-North-St-02460/unit-99/home/136963204,MLS PIN,71973847,N,Y,42.3626329,-71.2178053
PAST SALE,January-6-2016,Single Family Residential,97 Parker St,Newton,MA,02459,950000,5,2.5,Newton Centre,2315,8750,1891,1021,410,,Sold,,,http://www.redfin.com/MA/Newton-Centre/97-Parker-St-02459/home/11461250,MLS PIN,71920196,N,Y,42.324023,-71.1943066
PAST SALE,May-18-2016,Single Family Residential,11 Hagen Rd,Newton,MA,02459,880000,3,2.5,Newton Center,2274,7140,1950,888,387,,Sold,,,http://www.redfin.com/MA/Newton-Centre/11-Hagen-Rd-02459/home/11480089,MLS PIN,71969443,N,Y,42.3159238,-71.1945387
PAST SALE,November-17-2015,Single Family Residential,12 Walter St,Newton,MA,02459,849000,3,2.5,Newton Center,2073,5550,1925,1071,410,,Sold,,,http://www.redfin.com/MA/Newton-Centre/12-Walter-St-02459/home/11497860,MLS PIN,71904241,N,Y,42.3207219,-71.1925894
PAST SALE,July-27-2016,Single Family Residential,170 Jackson St,Newton,MA,02459,960000,4,3.5,Newton Center,2105,5740,1926,818,456,,Sold,,,http://www.redfin.com/MA/Newton/170-Jackson-St-02459/home/11469250,MLS PIN,72007886,N,Y,42.3204591,-71.1899439
PAST SALE,,Single Family Residential,35 Cross Hill Rd,Newton,MA,02459,940000,3,2.0,,1502,11128,1952,,626,,,,,http://www.redfin.com/MA/Newton/35-Cross-Hill-Rd-02459/home/11484418,,,N,Y,42.3043385,-71.1878089
PAST SALE,January-27-2017,Townhouse,312 Newtonville Ave Unit B,Newton,MA,02460,719900,3,3.0,Newtonville,2330,10039,1990,634,309,350,Sold,,,http://www.redfin.com/MA/Newton/312-Newtonville-Ave-02460/unit-B/home/109494476,MLS PIN,72089628,N,Y,42.3516694,-71.1996497
PAST SALE,March-25-2016,Single Family Residential,145 HUNNEWELL Ave,Newton,MA,02458,860000,3,2.5,Hunnewell Hill,2423,6882,1930,942,355,,Sold,,,http://www.redfin.com/MA/Newton/145-Hunnewell-Ave-02458/home/11471165,MLS PIN,71945612,N,Y,42.3568,-71.1786191
PAST SALE,January-4-2017,Single Family Residential,71 Underwood Ave,Newton,MA,02465,725000,4,2.5,West Newton,2200,4800,1988,657,330,,Sold,,,http://www.redfin.com/MA/Newton/71-Underwood-Ave-02465/home/11442045,MLS PIN,72088854,N,Y,42.3597562,-71.2362811
PAST SALE,June-9-2016,Single Family Residential,169 Albemarle Rd,Newton,MA,02460,750000,3,2.5,Newtonville,2178,6957,1918,866,344,,Sold,,,http://www.redfin.com/MA/Newton/169-Albemarle-Rd-02460/home/11432836,MLS PIN,71981519,N,Y,42.3603231,-71.2171131
PAST SALE,September-9-2016,Townhouse,33A Wesley #2,Newton,MA,02458,800000,3,3.0,Newton Corner,2015,,1900,774,397,199,Sold,,,http://www.redfin.com/MA/Newton/33A-Wesley-St-02458/unit-2/home/136659234,MLS PIN,72037869,N,Y,42.3530834,-71.1878924
PAST SALE,February-24-2017,Townhouse,5 Forest St #2,Newton,MA,02461,943000,3,3.0,Newton,1976,6851,1880,606,477,,Sold,,,http://www.redfin.com/MA/Newton/5-Forest-St-02461/unit-2/home/112854002,MLS PIN,72105679,N,Y,42.323366,-71.2075338
PAST SALE,January-20-2017,Single Family Residential,21 Lantern Ln,Newton,MA,02459,828750,4,3.0,Newton Center,2100,6050,1940,641,395,,Sold,,,http://www.redfin.com/MA/Newton-Centre/21-Lantern-Ln-02459/home/11462323,MLS PIN,72026927,N,Y,42.3198275,-71.1915335
PAST SALE,,Townhouse,698 Beacon St #3,Newton Centre,MA,02459,840000,4,2.5,,1688,7901,1895,,498,,,,,http://www.redfin.com/MA/Newton-Centre/698-Beacon-St-02459/unit-3/home/11459812,,,N,Y,42.3306814,-71.189077
PAST SALE,January-4-2017,Single Family Residential,46 North St,Newton,MA,02459,871000,3,2.5,Newton Center,1606,3865,1880,657,542,,Sold,,,http://www.redfin.com/MA/Newton-Centre/46-North-St-02459/home/11464442,MLS PIN,72087594,N,Y,42.3363846,-71.2122212
PAST SALE,June-27-2016,Single Family Residential,19 Holman Rd,Newton,MA,02466,839000,3,2.5,Newton,1990,6850,1927,848,422,,Sold,,,http://www.redfin.com/MA/Auburndale/19-Holman-Rd-02466/home/11495822,MLS PIN,71996698,N,Y,42.3378994,-71.2398341
PAST SALE,October-27-2016,Single Family Residential,50 Jefferson St,Newton,MA,02458,860000,4,2.5,Newton,2232,3966,1870,726,385,,Sold,,,http://www.redfin.com/MA/Newton/50-Jefferson-St-02458/home/11470597,MLS PIN,72033953,N,Y,42.3585181,-71.1834925
PAST SALE,June-30-2016,Single Family Residential,10 Irving St #10,Newton,MA,02459,650000,3,2.5,Newton Center,1368,2240,1905,845,475,,Sold,,,http://www.redfin.com/MA/Newton/10-Irving-St-02459/unit-10/home/77487208,MLS PIN,71995492,N,Y,42.3381452,-71.1887669
PAST SALE,,Single Family Residential,39 Carl St,Newton Highlands,MA,02461,750000,3,3.0,,2194,6105,1930,,342,,,,,http://www.redfin.com/MA/Newton-Highlands/39-Carl-St-02461/home/11489191,,,N,Y,42.3079776,-71.2091221
PAST SALE,,Townhouse,375 Lowell Ave,Newtonville,MA,02460,815000,3,2.5,,1850,7206,2006,,441,,,,,http://www.redfin.com/MA/Newtonville/375-Lowell-Ave-02460/home/11423090,,,N,Y,42.3443869,-71.2114323
PAST SALE,November-2-2015,Single Family Residential,42 Wyman St,Newton,MA,02468,830000,4,2.5,Waban,1736,11190,1939,1086,478,,Sold,,,http://www.redfin.com/MA/Waban/42-Wyman-St-02468/home/11451899,MLS PIN,71905331,N,Y,42.3252157,-71.2285571
PAST SALE,December-2-2015,Single Family Residential,19 Owatonna St,Newton,MA,02466,755000,4,2.5,Auburndale,1746,10000,1910,1056,432,,Sold,,,http://www.redfin.com/MA/Auburndale/19-Owatonna-St-02466/home/11436561,MLS PIN,71929613,N,Y,42.3502548,-71.2505074
PAST SALE,,Single Family Residential,162 Hunnewell Ave,Newton,MA,02458,820000,3,2.5,,1908,5680,1936,,430,,,,,http://www.redfin.com/MA/Newton/162-Hunnewell-Ave-02458/home/11471653,,,N,Y,42.356504,-71.1795009
PAST SALE,March-16-2016,Townhouse,12-20 Richardson St #20,Newton,MA,02458,699000,3,2.5,Newton Corner,1946,10687,2000,951,359,476,Sold,,,http://www.redfin.com/MA/Newton/20-Richardson-St-02458/unit-20/home/137662725,MLS PIN,71950766,N,Y,42.355026,-71.1872535
PAST SALE,,Multi-Family (2-4 Unit),41 Chesley Rd,Newton Centre,MA,02459,900000,4,2.0,,2446,10817,1896,,368,,,,,http://www.redfin.com/MA/Newton-Centre/41-Chesley-Rd-02459/home/11459415,,,N,Y,42.3311421,-71.1911506
PAST SALE,,Townhouse,20 Pettee St,Newton,MA,02464,855000,3,3.0,,1827,29147,1999,,468,,,,,http://www.redfin.com/MA/Newton/20-Pettee-St-02464/home/11407699,,,N,Y,42.3143142,-71.2206642
PAST SALE,May-23-2017,Single Family Residential,15 Linda Ln,Newton,MA,02461,975000,3,3.0,Newton Highlands,2131,9275,1952,518,458,,Sold,,,http://www.redfin.com/MA/Newton-Highlands/15-Linda-Ln-02461/home/11479145,MLS PIN,72124328,N,Y,42.3145199,-71.1994119
PAST SALE,August-24-2016,Single Family Residential,99 Clearwater Rd,Newton,MA,02462,695000,3,2.0,Newton Lower Falls,2142,7330,1950,790,324,,Sold,,,http://www.redfin.com/MA/Newton-Lower-Falls/99-Clearwater-Rd-02462/home/11438294,MLS PIN,72009838,N,Y,42.3340994,-71.258025
PAST SALE,June-15-2016,Single Family Residential,64 Oak St,Newton,MA,02464,800000,4,2.0,Newton Upper Falls,2130,4907,1880,860,376,,Sold,,,http://www.redfin.com/MA/Newton-Upper-Falls/64-Oak-St-02464/home/11446430,MLS PIN,71970135,N,Y,42.3105589,-71.2205749
PAST SALE,June-29-2016,Townhouse,9 Thurston Rd #2,Newton,MA,02464,790000,3,3.5,Newton Upper Falls,2125,,2003,846,372,95,Sold,,,http://www.redfin.com/MA/Newton/9-Thurston-Rd-02464/unit-2/home/105490153,MLS PIN,72000062,N,Y,42.3163225,-71.2167461
PAST SALE,March-28-2016,Townhouse,15 Maple Ave #15,Newton,MA,02458,800000,4,3.5,Newton,1962,9018,1880,939,408,130,Sold,,,http://www.redfin.com/MA/Newton/15-Maple-Ave-02458/unit-15/home/131522233,MLS PIN,71947770,N,Y,42.3539513,-71.1888881
PAST SALE,,Single Family Residential,234 Church St,Newton,MA,02458,695000,4,2.5,,2288,9076,1881,,304,,,,,http://www.redfin.com/MA/Newton/234-Church-St-02458/home/11410867,,,N,Y,42.3545371,-71.1892966
PAST SALE,August-4-2016,Townhouse,412 Parker Unit F,Newton,MA,02459,672000,3,2.5,Newton Center,1516,,1990,810,443,404,Sold,,,http://www.redfin.com/MA/Newton/412-Parker-St-02459/unit-F/home/106072982,MLS PIN,72015900,N,Y,42.313208,-71.1958372
PAST SALE,November-6-2015,Townhouse,72 Ripley St #72,Newton,MA,02459,749000,3,2.5,Newton Center,1812,,1850,1082,413,122,Sold,,,http://www.redfin.com/MA/Newton/72-Ripley-St-02459/unit-72/home/101684631,MLS PIN,71920182,N,Y,42.3272279,-71.1906392
PAST SALE,February-8-2016,Townhouse,396 Boylston St #396,Newton,MA,02459,765000,3,2.5,Newton,2280,,2000,988,336,320,Sold,,,http://www.redfin.com/MA/Newton/396-Boylston-St-02459/unit-396/home/101849829,MLS PIN,71930657,N,Y,42.3187547,-71.1848251
PAST SALE,March-10-2017,Single Family Residential,7 Tocci Path,Newton,MA,02459,805000,5,2.0,Newton,2002,7266,1947,592,402,,Sold,,,http://www.redfin.com/MA/Newton/7-Tocci-Path-02459/home/11500802,MLS PIN,72112918,N,Y,42.2921462,-71.183214
PAST SALE,January-8-2016,Single Family Residential,250 Spiers Rd,Newton,MA,02459,595000,3,2.0,Newton,1460,7000,1953,1019,408,,Sold,,,http://www.redfin.com/MA/Newton/250-Spiers-Rd-02459/home/11490342,MLS PIN,71928576,N,Y,42.2934471,-71.1808005
PAST SALE,,Single Family Residential,62 Lovett Rd,Newton,MA,02459,854050,4,2.5,,1547,15000,1967,,552,,,,,http://www.redfin.com/MA/Newton/62-Lovett-Rd-02459/home/11484805,,,N,Y,42.3025823,-71.1844672
PAST SALE,December-4-2015,Single Family Residential,47 Esty Farm,Newton,MA,02459,730000,3,2.5,Newton,1500,16862,1958,1054,487,,Sold,,,http://www.redfin.com/MA/Newton/47-Esty-Farm-Rd-02459/home/11490650,MLS PIN,71934604,N,Y,42.2943696,-71.181636
PAST SALE,September-26-2016,Single Family Residential,69 McCarthy Rd,Newton,MA,02459,720000,3,2.0,Newton,1630,10000,1949,757,442,,Sold,,,http://www.redfin.com/MA/Newton/69-McCarthy-Rd-02459/home/11500927,MLS PIN,72057008,N,Y,42.29416,-71.1854419
PAST SALE,August-24-2016,Single Family Residential,10 Osborne Path (S Roadway),Newton,MA,02459,812110,4,3.0,Newton,1968,12761,1949,790,413,,Sold,,,http://www.redfin.com/MA/Newton/10-Osborne-Path-02459/home/11500902,MLS PIN,72019398,N,Y,42.293749,-71.1871248
PAST SALE,July-12-2016,Single Family Residential,176 Parker St,Newton,MA,02459,969000,4,2.0,Newton Center,2002,9403,1923,833,484,,Sold,,,http://www.redfin.com/MA/Newton-Centre/176-Parker-St-02459/home/11462116,MLS PIN,71979635,N,Y,42.321351,-71.1938889
PAST SALE,July-14-2016,Single Family Residential,565 Boylston St,Newton,MA,02459,620000,3,2.5,Newton Center,1523,8000,1960,831,407,,Sold,,,http://www.redfin.com/MA/Newton-Centre/565-Boylston-St-02459/home/11462423,MLS PIN,72007845,N,Y,42.319214,-71.1926822
PAST SALE,,Single Family Residential,87 Nardell Rd,Newton,MA,02459,955000,3,2.5,,1755,10229,1964,,544,,,,,http://www.redfin.com/MA/Newton/87-Nardell-Rd-02459/home/11483517,,,N,Y,42.3086516,-71.1777372
PAST SALE,August-31-2016,Single Family Residential,98 Parker Ave,Newton,MA,02461,727000,3,2.5,Newton Highlands,1594,6160,1940,783,456,,Sold,,,http://www.redfin.com/MA/Newton/98-Parker-Ave-02461/home/11478886,MLS PIN,72015295,N,Y,42.3174633,-71.1994003
PAST SALE,May-27-2016,Single Family Residential,54 Walnut Hill Rd,Newton,MA,02459,679000,3,2.5,Newton Center,1512,8090,1950,879,449,,Sold,,,http://www.redfin.com/MA/Newton/54-Walnut-Hill-Rd-02459/home/11479594,MLS PIN,71979403,N,Y,42.3171234,-71.1972306
PAST SALE,,Single Family Residential,127 Andrew St,Newton Highlands,MA,02461,790000,3,2.5,,1476,10840,1960,,535,,,,,http://www.redfin.com/MA/Newton-Highlands/127-Andrew-St-02461/home/11487926,,,N,Y,42.3142128,-71.2039602
PAST SALE,May-27-2016,Townhouse,72 Cottage St #2,Newton,MA,02464,749000,3,3.0,Newton Upper Falls,2040,10380,1900,879,367,175,Sold,,,http://www.redfin.com/MA/Newton/72-Cottage-St-02464/unit-2/home/101741002,MLS PIN,71925095,N,Y,42.3134973,-71.2175119
PAST SALE,December-1-2016,Single Family Residential,272 Spiers Rd,Newton,MA,02459,752000,4,2.0,Newton,1850,7000,1952,691,406,,Sold,,,http://www.redfin.com/MA/Newton/272-Spiers-Rd-02459/home/11490331,MLS PIN,72000834,N,Y,42.2940432,-71.1801507
PAST SALE,November-17-2016,Single Family Residential,33 Cragmore Rd,Newton,MA,02464,675000,3,2.5,Newton,1224,10350,1930,705,551,,Sold,,,http://www.redfin.com/MA/Newton/33-Cragmore-Rd-02464/home/11455570,MLS PIN,72070368,N,Y,42.3186206,-71.2225821
PAST SALE,December-23-2015,Single Family Residential,55 June Ln,Newton,MA,02459,830000,3,3.0,Newton,2280,10024,1979,1035,364,,Sold,,,http://www.redfin.com/MA/Newton/55-June-Ln-02459/home/11490741,MLS PIN,71901396,N,Y,42.2956314,-71.1814039
PAST SALE,November-14-2015,Single Family Residential,93 Walnut Hill Rd,Newton,MA,02461,540000,3,2.0,Newton,1412,6600,1940,1074,382,,Sold,,,http://www.redfin.com/MA/Newton/93-Walnut-Hill-Rd-02461/home/11478924,MLS PIN,71910590,N,Y,42.3170451,-71.198797
PAST SALE,,Single Family Residential,11 Walnut Hill Rd,Newton,MA,02459,680000,3,2.0,,1244,5720,1945,,547,,,,,http://www.redfin.com/MA/Newton/11-Walnut-Hill-Rd-02459/home/11478697,,,N,Y,42.3185536,-71.1975555
PAST SALE,,Townhouse,1170 Chestnut St,Newton,MA,02464,767500,4,2.5,,2486,9100,2003,,309,,,,,http://www.redfin.com/MA/Newton/1170-Chestnut-St-02464/home/11446754,,,N,Y,42.3093846,-71.2228519
PAST SALE,November-20-2015,Townhouse,37 HALE St #1,Newton,MA,02464,915000,3,3.5,Newton,2400,7464,2015,1068,381,175,Sold,,,http://www.redfin.com/MA/Newton/37-Hale-St-02464/unit-1/home/101101202,MLS PIN,71910065,N,Y,42.311537,-71.2234986
PAST SALE,June-21-2016,Townhouse,16 Pettee St #16,Newton,MA,02464,780000,3,2.5,Newton,1838,29147,1999,854,424,500,Sold,,,http://www.redfin.com/MA/Newton/16-Pettee-St-02464/unit-16/home/145669079,MLS PIN,71969251,N,Y,42.3143142,-71.2206642
PAST SALE,June-3-2016,Townhouse,982 Beacon St #982,Newton,MA,02459,975000,4,3.0,Newton Center,2356,9640,1885,872,414,350,Sold,,,http://www.redfin.com/MA/Newton/982-Beacon-St-02459/unit-982/home/137660256,MLS PIN,71979935,N,Y,42.3303706,-71.2017684
PAST SALE,November-25-2015,Single Family Residential,62 Pleasant St,Newton,MA,02459,905000,3,2.0,Newton,2047,5074,1927,1063,442,,Sold,,,http://www.redfin.com/MA/Newton/62-Pleasant-St-02459/home/11466139,MLS PIN,71905572,N,Y,42.331369,-71.1970913
PAST SALE,May-31-2016,Single Family Residential,239 Winchester St,Newton,MA,02461,720000,4,2.0,Newton Highlands,1470,5860,1954,875,490,,Sold,,,http://www.redfin.com/MA/Newton/239-Winchester-St-02461/home/11500488,MLS PIN,71977132,N,Y,42.3118034,-71.2091002
PAST SALE,,Townhouse,19 Carter St,Newton,MA,02460,856000,4,2.5,,2327,8463,1999,,368,,,,,http://www.redfin.com/MA/Newton/19-Carter-St-02460/home/11419059,,,N,Y,42.3512811,-71.1990591
PAST SALE,,Condo/Co-op,9 Ashmont Ave,Newton,MA,02458,420000,5,2.0,,2291,,1915,,183,,,,,http://www.redfin.com/MA/Newton/9-Ashmont-Ave-02458/home/11493459,,,N,Y,42.3572054,-71.2015932
PAST SALE,August-1-2016,Single Family Residential,37 Bow Rd,Newton,MA,02459,733000,3,2.5,Newton Center,1470,6398,1918,813,499,,Sold,,,http://www.redfin.com/MA/Newton/37-Bow-Rd-02459/home/11469426,MLS PIN,72004803,N,Y,42.3224387,-71.1894968
PAST SALE,January-7-2017,Townhouse,131 Charlesbank Unit B,Newton,MA,02458,770000,3,2.5,Newton,2065,14080,1870,654,373,200,Sold,,,http://www.redfin.com/MA/Newton/131-Charlesbank-Rd-02458/unit-B/home/109474160,MLS PIN,72087229,N,Y,42.3585047,-71.1821001
PAST SALE,February-28-2017,Townhouse,131 Charlesbank Unit C,Newton,MA,02458,814000,3,2.5,Newton,2242,,1880,602,363,200,Sold,,,http://www.redfin.com/MA/Newton/131-Charlesbank-Rd-02458/unit-C/home/109281416,MLS PIN,72080646,N,Y,42.3585047,-71.1821001
PAST SALE,December-1-2016,Townhouse,131 Charlesbank Unit D,Newton,MA,02458,815000,3,2.5,Newton,2100,,1880,691,388,250,Sold,,,http://www.redfin.com/MA/Newton/131-Charlesbank-Rd-02458/unit-D/home/109066917,MLS PIN,72072430,N,Y,42.3585047,-71.1821001
PAST SALE,,Single Family Residential,117 Brackett Rd,Newton,MA,02458,725000,4,2.0,,2013,12560,1920,,360,,,,,http://www.redfin.com/MA/Newton/117-Brackett-Rd-02458/home/11474589,,,N,Y,42.3432952,-71.1870199
PAST SALE,,Condo/Co-op,40 Pleasant St,Newton,MA,02459,959000,3,3.5,,1477,,1998,,649,,,,,http://www.redfin.com/MA/Newton/40-Pleasant-St-02459/home/11407361,,,N,Y,42.3313452,-71.1961336
PAST SALE,October-5-2016,Single Family Residential,10 Wiltshire Rd,Newton,MA,02458,554000,3,2.0,Nonantum,2016,3000,1930,748,275,,Sold,,,http://www.redfin.com/MA/Newton/10-Wiltshire-Rd-02458/home/11409955,MLS PIN,72052447,N,Y,42.3565166,-71.1970913
PAST SALE,December-21-2016,Townhouse,41 Saco #41,Newton,MA,02464,620800,3,2.5,Newton,1800,,1980,671,345,478,Sold,,,http://www.redfin.com/MA/Newton/41-Saco-St-02464/unit-41/home/109000319,MLS PIN,72066747,N,Y,42.3076232,-71.2208137
PAST SALE,August-12-2016,Single Family Residential,55 Playstead Rd,Newton,MA,02458,682500,3,2.0,Newton Corner,1700,3384,1918,802,401,,Sold,,,http://www.redfin.com/MA/Newton/55-Playstead-Rd-02458/home/11471947,MLS PIN,72023484,N,Y,42.3532744,-71.1757878
PAST SALE,April-29-2016,Townhouse,10 California Park #10,Watertown,MA,02472,610000,3,2.5,Watertown,1504,,1995,907,406,,Sold,,,http://www.redfin.com/MA/Watertown/10-California-Park-02472/unit-10/home/104065587,MLS PIN,71969706,N,Y,42.3640576,-71.1922337
PAST SALE,,Townhouse,79 Morse St,Watertown,MA,02472,734900,3,2.5,,2371,6633,2016,,310,,,,,http://www.redfin.com/MA/Watertown/79-Morse-St-02472/home/11683163,,,N,Y,42.3612339,-71.1894333
PAST SALE,July-29-2016,Townhouse,19-21 Moreland Ave #19,Newton,MA,02459,740000,4,3.0,Newton Center,1624,5355,1915,816,456,161,Sold,,,http://www.redfin.com/MA/Newton/21-Moreland-Ave-02459/unit-19/home/105424281,MLS PIN,71995043,N,Y,42.3290182,-71.2035049
PAST SALE,January-9-2017,Single Family Residential,15 Dexter Rd,Newton,MA,02460,750000,3,2.0,Newtonville,1924,9858,1920,652,390,,Sold,,,http://www.redfin.com/MA/Newtonville/15-Dexter-Rd-02460/home/11423811,MLS PIN,72051061,N,Y,42.3433044,-71.207673
PAST SALE,,Townhouse,85 Algonquin Rd,Chestnut Hill,MA,02467,961500,3,3.0,,2230,215718,1984,,431,,,,,http://www.redfin.com/MA/Chestnut-Hill/85-Algonquin-Rd-02467/home/11462602,,,N,Y,42.3419081,-71.1714778
PAST SALE,March-17-2017,Townhouse,137 Charlesbank Unit B,Newton,MA,02458,810420,3,3.5,Nonantum,2078,6735,1881,585,390,275,Sold,,,http://www.redfin.com/MA/Newton/137-Charlesbank-Rd-02458/unit-B/home/112852709,MLS PIN,72105519,N,Y,42.3585436,-71.1821362
